date,open,high,close,low,volume
2010-06-02,967.609,997.12,997.119,952.61,1074627.0
2010-06-03,1002.355,1026.7,998.394,997.77,1616805.0
2010-06-04,989.681,1027.68,1027.681,986.5,1500295.0
2010-06-07,1005.028,1075.22,1069.468,1001.7,2655275.0
2010-06-08,1067.324,1075.5,1067.154,1050.96,1976720.0
2010-06-09,1070.852,1102.1,1077.823,1069.43,2541568.0
2010-06-10,1077.675,1119.11,1117.478,1076.28,2197404.0
2010-06-11,1122.443,1128.23,1122.199,1118.71,2224874.0
2010-06-17,1126.13,1129.68,1064.839,1064.84,1764283.0
2010-06-18,1052.067,1053.14,1000.277,993.17,1630650.0
2010-06-21,991.957,1043.16,1040.802,976.41,1574797.0
2010-06-22,1037.039,1057.37,1034.995,1033.65,1427162.0
2010-06-23,1026.865,1056.35,1047.337,1023.74,1257359.0
2010-06-24,1046.759,1059.75,1050.601,1041.54,1069132.0
2010-06-25,1046.212,1046.21,1016.283,999.16,1237298.0
2010-06-28,1009.223,1014.41,987.827,984.22,920673.0
2010-06-29,985.572,992.23,913.309,912.54,1497799.0
2010-06-30,898.291,921.81,919.314,881.36,1223661.0
2010-07-01,914.395,921.21,882.19,882.19,1049572.0
2010-07-02,878.951,885.34,873.12,832.62,1288833.0
2010-07-05,857.369,870.86,862.268,842.73,915864.0
2010-07-06,859.258,898.45,893.718,857.8,1165231.0
2010-07-07,896.532,908.55,908.549,890.34,1046162.0
2010-07-08,911.997,914.3,905.509,887.03,1098087.0
2010-07-09,903.496,936.53,932.147,896.89,1451460.0
2010-07-12,931.53,941.07,930.17,924.06,1263600.0
2010-07-13,924.948,936.64,931.08,906.3,1468657.0
2010-07-14,929.749,937.93,922.362,916.07,1423586.0
2010-07-15,920.046,930.55,892.557,892.56,1175880.0
2010-07-16,885.067,895.06,892.298,869.02,1009312.0
2010-07-19,881.656,910.18,908.049,878.07,938802.0
2010-07-20,909.543,937.54,937.017,909.54,1365808.0
2010-07-21,940.097,959.04,941.25,938.16,1665745.0
2010-07-22,938.218,950.21,950.209,932.02,1326602.0
2010-07-23,951.84,964.74,960.588,948.13,1721251.0
2010-07-26,962.76,966.73,966.154,954.76,1476035.0
2010-07-27,963.544,968.04,957.967,955.73,1361821.0
2010-07-28,955.188,972.53,972.534,954.52,1566182.0
2010-07-29,974.295,982.01,975.362,965.61,1794193.0
2010-07-30,971.663,971.66,968.431,955.92,1458486.0
2010-08-02,968.45,994.23,994.228,968.45,1810364.0
2010-08-03,995.195,996.26,975.645,975.64,1757058.0
2010-08-04,971.407,978.01,978.014,955.93,1446165.0
2010-08-05,980.27,998.1,987.351,978.33,1770399.0
2010-08-06,987.967,1011.39,1011.39,985.63,1899061.0
2010-08-09,1013.24,1032.34,1032.34,1013.24,2091995.0
2010-08-10,1031.978,1034.33,993.992,993.99,2177071.0
2010-08-11,991.278,1006.45,1004.637,990.94,1615078.0
2010-08-12,994.052,1007.58,991.777,987.98,1689189.0
2010-08-13,992.626,1007.52,1007.206,986.62,1471798.0
2010-08-16,1007.498,1031.05,1030.217,1005.05,1880400.0
2010-08-17,1031.075,1036.82,1033.581,1023.08,1800777.0
2010-08-18,1033.707,1035.61,1026.722,1018.5,1643501.0
2010-08-19,1026.983,1033.25,1025.526,1021.7,1624534.0
2010-08-20,1021.458,1022.45,995.944,993.56,1870224.0
2010-08-23,994.938,1001.18,995.613,991.52,1456014.0
2010-08-24,993.576,1007.76,1004.985,987.22,1365051.0
2010-08-25,1000.269,1002.33,976.878,976.555,1501342.72
2010-08-26,978.6,984.87,980.63,973.0,1288066.0
2010-08-27,978.51,1000.86,999.46,975.72,1216242.0
2010-08-30,1002.99,1025.15,1024.93,1002.99,1645412.0
2010-08-31,1020.75,1029.8,1025.57,1015.13,1534699.0
2010-09-01,1025.68,1029.81,995.59,987.59,1864362.0
2010-09-02,1001.6,1018.28,1014.92,996.52,1630857.0
2010-09-03,1017.64,1045.21,1036.7,1017.51,2289365.0
2010-09-06,1039.46,1043.24,1010.76,1007.43,1813080.0
2010-09-07,1010.11,1022.62,1022.62,1007.64,1284514.0
2010-09-08,1020.23,1027.64,1026.33,1016.84,1403818.0
2010-09-09,1029.11,1040.67,1021.83,1019.69,1959802.0
2010-09-10,1021.87,1037.51,1034.94,1016.19,1812290.0
2010-09-13,1034.39,1045.39,1042.48,1033.25,1667889.0
2010-09-14,1044.3,1046.13,1031.22,1028.77,1590231.0
2010-09-15,1029.52,1030.02,990.1,987.05,1818273.0
2010-09-16,989.49,994.95,972.6,964.53,1442058.0
2010-09-17,976.07,981.73,972.23,967.55,967840.0
2010-09-20,972.45,975.26,949.2,947.41,923658.0
2010-09-21,952.07,953.83,934.46,930.25,835858.0
2010-09-27,936.21,951.84,950.67,930.86,892936.0
2010-09-28,949.63,949.89,942.05,939.63,939433.0
2010-09-29,941.27,944.17,926.76,924.41,831735.0
2010-09-30,923.83,942.54,942.54,921.36,699737.0
2010-10-08,946.47,963.18,959.86,945.62,1083960.0
2010-10-11,960.91,961.17,947.11,941.91,1446870.0
2010-10-12,946.63,959.98,951.79,945.01,1240192.0
2010-10-13,951.33,962.74,962.74,940.65,1330516.0
2010-10-14,963.29,975.91,958.49,956.86,1396405.0
2010-10-15,954.12,957.77,944.25,937.12,1352498.0
2010-10-18,941.87,941.87,932.36,913.82,1327875.0
2010-10-19,932.83,1005.59,995.92,932.32,2339086.0
2010-10-20,986.65,1024.58,1004.54,986.03,2638132.0
2010-10-21,1001.68,1001.68,991.84,983.66,1569122.0
2010-10-22,991.14,1023.7,1013.45,991.14,1765748.0
2010-10-25,1018.08,1043.09,1039.05,1018.08,2063689.0
2010-10-26,1041.53,1041.91,1036.01,1020.94,1838413.0
2010-10-27,1034.86,1048.56,1030.59,1028.7,1701689.0
2010-10-28,1024.7,1038.62,1038.62,1023.49,1592477.0
2010-10-29,1042.4,1069.75,1064.52,1042.4,2235518.0
2010-11-01,1071.63,1113.62,1107.52,1071.63,2817899.0
2010-11-02,1108.09,1108.09,1075.15,1074.58,2454531.0
2010-11-03,1063.2,1063.2,1040.62,1040.55,1620491.0
2010-11-04,1041.42,1057.71,1057.71,1037.24,1338790.0
2010-11-05,1067.87,1072.22,1072.22,1058.26,1397024.0
2010-11-08,1077.5,1107.06,1107.06,1077.5,1786498.0
2010-11-09,1110.43,1117.52,1115.65,1102.01,1900221.0
2010-11-10,1115.74,1147.48,1141.58,1113.75,2266693.0
2010-11-11,1137.08,1163.7,1132.72,1132.36,2297906.0
2010-11-12,1126.85,1140.63,1082.24,1080.27,2292284.0
2010-11-15,1087.81,1148.54,1148.54,1086.52,2091313.0
2010-11-16,1154.41,1175.31,1126.18,1111.5,2894465.0
2010-11-17,1115.12,1132.86,1085.35,1080.93,2076114.0
2010-11-18,1090.14,1102.84,1102.84,1077.06,1569906.0
2010-11-19,1106.75,1153.17,1153.17,1105.59,2414228.0
2010-11-22,1153.26,1194.2,1174.94,1151.76,3034243.0
2010-11-23,1172.06,1183.84,1183.5,1148.81,2157363.0
2010-11-24,1176.42,1208.45,1208.45,1174.68,2120382.0
2010-11-25,1212.77,1215.74,1186.36,1177.83,2101209.0
2010-11-26,1184.8,1200.5,1196.02,1179.28,1747079.0
2010-11-29,1195.31,1221.74,1220.11,1193.41,1964041.0
2010-11-30,1219.08,1219.12,1181.5,1146.97,2362348.0
2010-12-01,1176.61,1182.57,1177.18,1169.89,1194692.0
2010-12-02,1187.1,1192.8,1177.84,1177.81,1251548.0
2010-12-03,1177.17,1178.67,1157.94,1148.09,1204867.0
2010-12-06,1157.72,1159.3,1134.38,1124.94,1133120.0
2010-12-07,1132.33,1162.58,1161.69,1123.76,924935.0
2010-12-08,1160.92,1176.42,1160.24,1158.1,1018373.0
2010-12-09,1158.82,1160.91,1144.53,1144.18,996302.0
2010-12-10,1139.83,1167.68,1166.8,1136.33,1029898.0
2010-12-13,1175.51,1210.75,1209.27,1175.51,1624762.0
2010-12-14,1211.46,1219.71,1218.52,1204.66,1422649.0
2010-12-15,1217.81,1224.05,1211.8,1209.29,1428834.0
2010-12-16,1209.62,1233.62,1225.03,1209.34,1475229.0
2010-12-17,1222.93,1233.39,1232.98,1222.93,1283842.0
2010-12-20,1235.67,1239.6,1212.34,1180.53,1749592.0
2010-12-21,1212.09,1222.3,1215.02,1204.48,1210381.0
2010-12-22,1214.77,1215.79,1201.65,1199.68,1109217.0
2010-12-23,1198.74,1200.76,1176.36,1175.86,1073045.0
2010-12-24,1170.69,1170.69,1144.5,1140.13,1011828.0
2010-12-27,1145.7,1154.53,1105.3,1100.52,996825.0
2010-12-28,1098.94,1099.18,1091.48,1080.4,942165.0
2010-12-29,1091.82,1113.31,1113.31,1091.82,789672.0
2010-12-30,1113.56,1122.41,1117.21,1106.43,821867.0
2010-12-31,1117.36,1138.47,1137.66,1117.36,841734.0
2011-01-04,1142.17,1155.52,1155.11,1140.04,1063296.0
2011-01-05,1153.91,1159.12,1155.35,1146.38,1060820.0
2011-01-06,1153.63,1159.41,1134.79,1134.09,1048501.0
2011-01-07,1132.73,1139.78,1126.52,1119.61,968002.0
2011-01-10,1124.34,1124.34,1093.77,1089.06,952945.0
2011-01-11,1089.99,1089.99,1078.36,1068.4,865876.0
2011-01-12,1083.12,1095.52,1089.67,1071.09,845992.0
2011-01-13,1094.83,1097.1,1093.86,1089.67,810424.0
2011-01-14,1092.09,1092.09,1067.42,1065.75,776254.0
2011-01-17,1066.44,1066.99,1028.16,1025.66,1055444.0
2011-01-18,1021.84,1029.86,1025.72,1014.63,621663.0
2011-01-19,1025.93,1048.6,1048.54,1023.15,706157.0
2011-01-20,1047.77,1051.52,1020.39,1020.29,869368.0
2011-01-21,1014.72,1033.52,1024.51,1013.27,789202.0
2011-01-24,1024.79,1029.33,994.97,994.26,848296.0
2011-01-25,992.57,992.57,979.0,968.32,737262.0
2011-01-26,978.07,995.78,995.74,977.85,576256.0
2011-01-27,991.06,1015.05,1013.02,984.79,708372.0
2011-01-28,1013.64,1023.63,1020.94,1011.3,595662.0
2011-01-31,1021.63,1030.19,1029.12,1014.4,722806.0
2011-02-01,1029.67,1034.14,1032.6,1026.9,591057.0
2011-02-09,1026.45,1037.84,1025.15,1021.79,630346.0
2011-02-10,1026.25,1063.95,1063.95,1024.71,1000705.0
2011-02-11,1067.19,1075.59,1071.58,1065.15,1017531.0
2011-02-14,1072.31,1087.31,1086.56,1072.31,1193518.0
2011-02-15,1086.8,1097.56,1087.72,1082.27,1184561.0
2011-02-16,1086.77,1107.24,1107.24,1083.85,1244422.0
2011-02-17,1108.63,1116.96,1115.33,1103.89,1319628.0
2011-02-18,1114.45,1114.69,1100.46,1098.58,1296525.0
2011-02-21,1096.17,1117.67,1117.67,1094.43,1420470.0
2011-02-22,1118.61,1122.18,1088.27,1087.01,1397308.0
2011-02-23,1088.08,1117.29,1114.05,1087.86,1281833.0
2011-02-24,1112.43,1112.72,1101.95,1094.62,13193.0
2011-02-25,1098.11,1098.73,1095.1,1085.8,1194088.0
2011-02-28,1096.34,1099.78,1099.78,1087.59,1139272.0
2011-03-01,1100.81,1102.55,1098.0,1091.98,1277807.0
2011-03-02,1094.97,1096.09,1088.9,1077.65,1090666.0
2011-03-03,1088.89,1091.89,1064.31,1062.37,1082043.0
2011-03-04,1063.43,1071.86,1071.86,1056.56,897989.0
2011-03-07,1073.93,1078.11,1078.11,1069.93,1125884.0
2011-03-08,1079.53,1085.31,1084.82,1074.1,1170658.0
2011-03-09,1084.7,1087.3,1087.3,1075.46,1246035.0
2011-03-10,1088.34,1103.54,1093.9,1087.56,1479477.0
2011-03-11,1090.21,1113.01,1101.76,1088.65,1530873.0
2011-03-14,1099.32,1107.54,1107.54,1095.9,1383077.0
2011-03-15,1108.2,1108.2,1094.95,1078.23,1552965.0
2011-03-16,1094.12,1102.67,1102.21,1094.12,1222437.0
2011-03-17,1096.22,1096.22,1078.37,1074.87,1393065.0
2011-03-18,1081.6,1088.31,1083.6,1079.56,985393.0
2011-03-21,1083.15,1084.55,1070.6,1068.31,905523.0
2011-03-22,1072.39,1074.08,1067.29,1057.86,814757.0
2011-03-23,1066.17,1076.56,1076.56,1064.59,982368.0
2011-03-24,1078.02,1081.59,1077.99,1074.04,974298.0
2011-03-25,1077.34,1078.02,1072.34,1069.38,1050062.0
2011-03-28,1072.89,1074.41,1052.11,1051.02,1302753.0
2011-03-29,1050.29,1050.29,1019.04,1017.88,1303384.0
2011-03-30,1017.16,1019.17,1006.37,1004.38,1010201.0
2011-03-31,1006.72,1019.32,1008.3,1005.37,920202.0
2011-04-01,1006.04,1015.08,1015.08,1002.86,767051.0
2011-04-06,1011.68,1011.82,994.26,992.31,958528.0
2011-04-07,993.38,1004.41,1004.41,992.43,891206.0
2011-04-08,1004.14,1019.14,1019.14,1002.38,839335.0
2011-04-11,1021.3,1022.56,1002.8,1002.43,953171.0
2011-04-12,1000.77,1007.25,1000.16,997.75,807536.0
2011-04-13,999.53,1020.75,1020.75,998.52,907620.0
2011-04-14,1021.1,1021.46,1016.62,1013.99,885700.0
2011-04-15,1015.97,1016.15,1010.06,1002.64,845764.0
2011-04-18,1008.48,1010.66,1003.26,1000.18,844744.0
2011-04-19,1000.88,1000.88,994.3,986.9,993451.0
2011-04-20,993.94,1009.5,1008.18,991.88,1025640.0
2011-04-21,1007.98,1017.7,1010.56,1006.91,1379082.0
2011-04-22,1008.17,1008.3,1004.65,1000.92,1030469.0
2011-04-25,1001.08,1001.08,975.17,974.98,1140298.0
2011-04-26,970.96,973.56,958.29,954.98,1017047.0
2011-04-27,956.77,961.64,942.54,936.99,1088684.0
2011-04-28,941.2,944.7,904.15,903.03,1174989.0
2011-04-29,901.16,912.72,912.72,897.2,764309.0
2011-05-03,911.79,923.06,922.07,907.28,729079.0
2011-05-04,919.67,919.67,903.98,901.92,734747.0
2011-05-05,901.47,919.6,914.59,900.35,780964.0
2011-05-06,910.14,920.77,918.28,904.74,774676.0
2011-05-09,920.12,935.9,931.77,920.12,1004842.0
2011-05-10,932.88,933.24,931.21,925.04,779700.0
2011-05-11,931.51,933.28,929.95,923.26,767419.0
2011-05-12,927.15,927.15,909.26,909.14,891588.0
2011-05-13,909.24,912.61,909.77,897.8,881961.0
2011-05-16,911.34,916.02,906.34,906.08,704570.0
2011-05-17,903.98,904.48,895.15,890.36,1022746.0
2011-05-18,891.99,894.89,890.79,888.17,810285.0
2011-05-19,891.48,895.54,884.89,883.87,721140.0
2011-05-20,884.06,884.33,875.43,873.87,741230.0
2011-05-23,873.31,873.59,840.9,840.65,1162103.0
2011-05-24,836.79,876.6,870.94,828.5,1717627.0
2011-05-25,867.68,867.68,842.35,842.12,1187732.0
2011-05-26,843.62,852.98,830.92,830.64,985573.0
2011-05-27,830.6,835.87,822.94,819.87,1160160.0
2011-05-30,819.87,844.97,834.32,816.39,1576344.0
2011-05-31,836.35,846.32,846.32,828.66,1397578.0
2011-06-01,846.48,852.66,851.17,843.29,1375823.0
2011-06-02,841.52,841.52,833.74,823.1,1166794.0
2011-06-03,833.44,849.73,847.54,832.53,1124637.0
2011-06-07,845.25,848.22,847.71,842.46,926372.0
2011-06-08,846.67,846.92,844.98,836.99,1008125.0
2011-06-09,843.58,843.58,828.02,828.02,1154093.0
2011-06-10,825.55,826.54,824.03,811.09,971132.0
2011-06-13,820.24,833.25,829.36,811.39,966605.0
2011-06-14,829.51,840.69,838.47,829.27,1029896.0
2011-06-15,837.53,840.53,827.53,826.94,1032057.0
2011-06-16,822.37,822.55,810.71,809.93,989422.0
2011-06-17,809.16,813.21,802.64,801.3,821263.0
2011-06-20,800.62,800.62,791.76,787.57,901926.0
2011-06-21,791.99,796.85,795.61,786.33,862058.0
2011-06-22,797.42,798.24,791.51,788.56,798653.0
2011-06-23,790.7,815.78,814.44,783.86,1587264.0
2011-06-24,812.3,835.3,832.32,810.58,1886872.0
2011-06-27,832.62,850.39,843.86,832.62,1937661.0
2011-06-28,843.98,844.96,844.18,836.94,1353627.0
2011-06-29,844.85,850.36,836.38,836.38,1533502.0
2011-06-30,834.82,846.88,845.92,834.82,1373648.0
2011-07-01,847.54,862.34,855.27,847.54,1789409.0
2011-07-04,856.5,876.17,876.17,856.5,2209547.0
2011-07-05,877.52,885.78,883.42,876.9,2131804.0
2011-07-06,881.6,894.28,894.28,877.82,2042347.0
2011-07-07,893.6,911.87,899.8,891.73,2780666.0
2011-07-08,899.47,902.05,894.91,888.22,1734934.0
2011-07-11,894.07,903.9,903.31,889.82,1918079.0
2011-07-12,895.49,898.98,891.52,888.58,2278792.0
2011-07-13,890.3,913.09,913.09,890.3,2094161.0
2011-07-14,913.49,932.78,932.78,913.49,2976476.0
2011-07-15,935.54,951.4,951.14,933.49,3930075.0
2011-07-18,952.03,959.27,946.12,944.1,3051530.0
2011-07-19,940.42,940.42,927.3,924.09,2356743.0
2011-07-20,932.21,937.75,930.83,920.22,2066376.0
2011-07-21,930.26,930.89,915.37,915.37,1915405.0
2011-07-22,917.63,929.93,923.99,917.63,1741082.0
2011-07-25,920.85,920.85,887.06,884.1,2286133.0
2011-07-26,884.02,892.54,892.54,878.16,1477082.0
2011-07-27,890.03,917.16,915.55,883.97,1877213.0
2011-07-28,907.25,920.03,919.4,902.5,1826524.0
2011-07-29,919.53,924.84,913.28,910.24,1861564.0
2011-08-01,911.94,931.37,927.38,910.98,1768953.0
2011-08-02,923.09,932.12,932.12,905.01,2395892.0
2011-08-03,922.81,951.59,945.51,918.64,2970847.0
2011-08-04,944.83,950.03,937.47,935.41,2200546.0
2011-08-05,905.16,926.62,919.18,899.32,2023188.0
2011-08-08,908.08,913.32,877.44,859.16,2479706.0
2011-08-09,849.0,884.84,878.76,835.28,2127460.0
2011-08-10,891.22,901.86,891.75,889.86,2025880.0
2011-08-11,873.12,915.49,915.49,870.29,2429969.0
2011-08-12,920.29,932.78,926.3,920.29,2313070.0
2011-08-15,928.98,946.8,942.48,928.98,2314674.0
2011-08-16,942.95,944.87,933.14,929.79,2038884.0
2011-08-17,932.01,941.45,936.16,926.02,1938429.0
2011-08-18,934.58,935.11,915.68,915.26,1774705.0
2011-08-19,895.65,912.42,912.42,891.8,1719218.0
2011-08-22,913.6,925.39,910.61,907.86,1748160.0
2011-08-23,912.35,936.42,936.42,912.35,2286227.0
2011-08-24,940.42,954.23,940.2,939.28,2933380.0
2011-08-25,942.64,943.72,942.94,927.36,2436823.0
2011-08-26,940.53,954.72,952.81,937.97,2273298.0
2011-08-29,951.55,959.67,954.03,947.72,2373989.0
2011-08-30,957.29,960.15,934.18,933.82,2219481.0
2011-08-31,931.79,936.1,921.49,911.82,1664135.0
2011-09-01,921.97,930.19,917.75,913.16,1443060.0
2011-09-02,916.07,918.59,909.85,902.48,1362651.0
2011-09-05,902.37,902.37,883.87,883.46,1386592.0
2011-09-06,876.71,884.61,874.74,869.81,1071968.0
2011-09-07,877.87,899.61,899.61,877.78,1330335.0
2011-09-08,903.25,909.88,891.93,891.52,1430550.0
2011-09-09,889.47,895.84,881.58,877.53,1210480.0
2011-09-13,870.04,870.04,861.92,858.91,1053264.0
2011-09-14,864.08,877.04,876.95,855.34,1132027.0
2011-09-15,877.93,885.71,875.86,875.67,1203432.0
2011-09-16,878.56,883.1,874.88,873.55,953035.0
2011-09-19,871.88,871.88,854.71,854.64,913454.0
2011-09-20,850.97,861.18,856.81,846.03,876436.0
2011-09-21,856.8,881.56,881.03,854.29,1358922.0
2011-09-22,876.25,879.1,852.92,852.92,1300328.0
2011-09-23,840.17,848.27,843.48,833.77,1180547.0
2011-09-26,842.0,848.82,829.35,826.83,979954.0
2011-09-27,833.64,839.19,830.88,822.84,930573.0
2011-09-28,834.03,838.33,817.52,814.34,883798.0
2011-09-29,813.26,813.26,791.89,791.05,1038262.0
2011-09-30,792.76,796.48,791.13,781.79,824271.0
2011-10-10,792.97,796.86,790.04,786.84,714682.0
2011-10-11,806.7,812.45,786.15,778.05,1198472.0
2011-10-12,783.43,817.02,816.14,773.92,1637480.0
2011-10-13,816.53,835.63,833.02,814.63,1910238.0
2011-10-14,830.48,833.03,830.2,819.98,1445699.0
2011-10-17,832.86,839.26,832.29,826.81,1458219.0
2011-10-18,826.53,828.17,806.6,806.0,1613822.0
2011-10-19,807.21,813.95,804.44,798.8,1326528.0
2011-10-20,801.03,801.03,778.95,771.15,1457739.0
2011-10-21,777.03,779.46,763.29,760.16,1113051.0
2011-10-24,761.43,772.96,772.41,741.33,1620221.0
2011-10-25,770.84,799.1,797.86,769.28,2133746.0
2011-10-26,794.29,820.81,811.13,791.0,2860144.0
2011-10-27,810.72,821.29,810.92,807.12,2416968.0
2011-10-28,820.42,833.73,833.42,813.93,2856905.0
2011-10-31,834.3,852.8,852.8,831.5,3370671.0
2011-11-01,843.8,855.35,853.36,840.05,3231579.0
2011-11-02,837.07,881.05,881.05,833.9,4017441.0
2011-11-03,885.87,898.31,877.66,877.66,4920888.0
2011-11-04,881.62,887.67,882.25,876.44,3225272.0
2011-11-07,880.15,889.34,878.76,876.54,2401896.0
2011-11-08,878.45,879.9,862.36,861.38,2420326.0
2011-11-09,866.91,891.12,891.12,860.75,3388092.0
2011-11-10,881.69,911.73,895.27,878.99,5127654.0
2011-11-11,893.72,901.8,891.19,885.59,3761676.0
2011-11-14,899.11,917.27,915.98,899.11,3885314.0
2011-11-15,916.62,922.81,920.97,912.81,3682328.0
2011-11-16,921.3,922.07,893.51,888.88,3465991.0
2011-11-17,893.79,911.9,898.34,890.82,2862508.0
2011-11-18,892.63,892.74,869.19,868.26,2908008.0
2011-11-21,866.98,868.31,863.13,849.56,2100759.0
2011-11-22,856.2,868.48,868.43,852.04,1821103.0
2011-11-23,868.78,874.3,864.81,863.06,1865607.0
2011-11-24,856.67,874.92,868.14,852.0,1907966.0
2011-11-25,866.99,874.47,863.49,860.63,1958164.0
2011-11-28,864.38,871.28,866.84,858.46,1990685.0
2011-11-29,872.2,880.31,880.31,866.74,2221064.0
2011-11-30,878.68,878.68,838.11,824.95,2711699.0
2011-12-01,861.54,872.34,852.87,852.87,2762908.0
2011-12-02,849.18,849.18,828.97,825.08,1922917.0
2011-12-05,825.6,826.09,791.39,790.29,1664640.0
2011-12-06,788.43,801.93,798.1,783.28,1474999.0
2011-12-07,797.18,806.42,802.62,794.36,1319630.0
2011-12-08,799.48,819.97,809.43,788.62,2034470.0
2011-12-09,802.13,812.17,798.84,796.19,1454295.0
2011-12-12,798.81,803.74,790.79,789.79,1246898.0
2011-12-13,787.08,787.08,769.55,765.83,910805.0
2011-12-14,766.18,773.77,757.04,756.96,1185691.0
2011-12-15,751.55,756.81,751.39,743.27,1111565.0
2011-12-16,745.52,778.78,778.78,745.52,1899171.0
2011-12-19,774.65,793.44,793.44,767.07,2487959.0
2011-12-20,791.82,799.66,781.42,780.92,1928370.0
2011-12-21,786.98,791.23,761.34,760.92,1906005.0
2011-12-22,754.48,767.32,757.9,727.74,2352500.0
2011-12-23,754.89,770.38,761.44,750.96,1891429.0
2011-12-26,760.67,769.92,753.05,751.61,1578571.0
2011-12-27,749.61,749.92,727.17,725.11,1638820.0
2011-12-28,721.84,721.84,717.55,700.11,1607774.0
2011-12-29,714.58,722.2,716.55,710.65,1241016.0
2011-12-30,718.03,730.53,729.5,718.03,1466066.0
2012-01-04,734.74,737.91,707.11,707.11,1387122.0
2012-01-05,700.32,701.04,666.91,665.41,1876828.0
2012-01-06,662.65,672.13,669.02,645.8,1588642.0
2012-01-09,667.85,692.42,692.42,657.18,1998605.0
2012-01-10,691.65,718.29,716.45,690.5,2641541.0
2012-01-11,715.04,728.66,717.94,710.53,2398661.0
2012-01-12,715.82,724.08,709.89,708.67,2039241.0
2012-01-13,709.05,709.63,666.08,665.26,2437038.0
2012-01-16,657.8,657.8,633.91,633.31,1715965.0
2012-01-17,630.78,664.7,662.69,623.64,2320858.0
2012-01-18,662.94,665.6,624.91,621.67,2397408.0
2012-01-19,621.65,637.02,632.8,612.28,2373548.0
2012-01-20,634.83,648.14,646.38,634.57,1991004.0
2012-01-30,649.42,660.06,651.25,644.88,1888782.0
2012-01-31,649.37,650.49,648.68,637.43,1667052.0
2012-02-01,647.49,663.27,650.78,644.58,1820180.0
2012-02-02,652.06,665.4,665.4,652.06,2046427.0
2012-02-03,665.35,681.89,680.04,663.01,2469846.0
2012-02-06,681.04,689.96,686.51,680.7,2429644.0
2012-02-07,683.88,683.88,673.68,669.54,1959504.0
2012-02-08,673.07,692.3,692.3,669.62,2383241.0
2012-02-09,692.36,705.7,697.79,690.68,3000273.0
2012-02-10,696.53,703.09,698.85,693.75,2382072.0
2012-02-13,694.23,718.67,714.96,690.53,2831076.0
2012-02-14,714.75,717.77,712.3,707.97,2025768.0
2012-02-15,711.62,724.75,724.75,707.14,2796475.0
2012-02-16,723.43,731.45,721.83,714.4,2768747.0
2012-02-17,722.62,726.94,717.8,709.23,2226608.0
2012-02-20,726.88,731.41,721.1,720.97,2884922.0
2012-02-21,719.29,736.88,736.88,713.65,3231170.0
2012-02-22,737.78,759.56,759.56,737.78,4398450.0
2012-02-23,760.67,765.41,756.9,748.61,3752906.0
2012-02-24,756.16,764.74,762.29,755.19,3429740.0
2012-02-27,763.96,771.29,760.37,760.24,3847555.0
2012-02-28,757.45,758.17,747.77,737.37,3824576.0
2012-02-29,747.22,748.09,735.34,734.24,2824152.0
2012-03-01,734.25,748.8,743.15,733.78,2622951.0
2012-03-02,743.85,757.67,757.67,743.85,2560550.0
2012-03-05,759.65,766.75,759.37,758.83,2984708.0
2012-03-06,758.08,758.72,750.84,743.6,2997018.0
2012-03-07,743.05,759.45,749.27,740.61,2786303.0
2012-03-08,751.98,764.0,761.7,751.98,2690691.0
2012-03-09,764.48,777.69,777.69,763.72,3355463.0
2012-03-12,779.51,786.05,786.05,778.51,3501076.0
2012-03-13,785.53,792.38,792.38,782.94,3723566.0
2012-03-14,795.12,799.83,756.46,750.12,5353884.0
2012-03-15,754.53,759.53,746.44,735.09,3447232.0
2012-03-16,748.05,765.56,765.56,745.35,2928495.0
2012-03-19,764.95,779.56,779.56,763.36,2968754.0
2012-03-20,777.39,777.39,755.58,755.4,2842605.0
2012-03-21,758.89,761.34,751.79,737.99,2710929.0
2012-03-22,750.45,756.35,750.85,744.89,2022854.0
2012-03-23,748.87,750.69,737.89,735.15,1982044.0
2012-03-26,735.16,742.26,737.21,731.31,1617928.0
2012-03-27,739.44,745.83,735.73,733.84,1925252.0
2012-03-28,732.68,732.68,698.49,697.51,2473956.0
2012-03-29,692.37,695.96,683.96,676.99,1920466.0
2012-03-30,682.28,686.5,678.52,673.49,1806301.0
2012-04-05,677.76,698.3,697.75,676.51,1999154.0
2012-04-06,697.86,705.38,701.9,695.65,2017841.0
2012-04-09,699.87,701.59,689.72,689.72,1547976.0
2012-04-10,686.47,697.16,697.16,672.98,1821560.0
2012-04-11,689.85,701.93,698.49,685.75,1612592.0
2012-04-12,699.42,713.25,713.12,697.74,2060379.0
2012-04-13,715.04,723.89,718.96,714.24,2267802.0
2012-04-16,714.85,719.88,716.23,712.02,1720515.0
2012-04-17,716.53,718.46,709.14,708.4,1833195.0
2012-04-18,710.14,724.03,723.46,710.1,2365954.0
2012-04-19,723.83,728.46,725.12,721.59,2341325.0
2012-04-20,724.13,728.72,728.72,720.83,2177590.0
2012-04-23,724.9,724.9,690.43,689.44,3718097.0
2012-04-24,680.61,689.88,681.53,663.92,2876579.0
2012-04-25,679.75,684.48,682.52,674.54,2008001.0
2012-04-26,683.02,685.82,678.44,673.94,1781758.0
2012-04-27,677.55,689.1,685.13,676.07,1878033.0
2012-05-02,692.35,696.42,693.61,686.18,2088850.0
2012-05-03,693.4,699.41,699.31,690.76,1952624.0
2012-05-04,699.88,713.84,713.19,699.88,2618381.0
2012-05-07,710.98,733.04,733.04,709.87,3094281.0
2012-05-08,733.83,738.52,731.72,730.55,3024633.0
2012-05-09,727.6,727.7,719.35,718.72,2538302.0
2012-05-10,718.24,730.78,727.28,718.24,2353337.0
2012-05-11,726.56,730.83,721.08,720.93,2720669.0
2012-05-14,725.52,729.67,719.87,717.94,2657401.0
2012-05-15,714.58,720.21,720.11,709.63,2391654.0
2012-05-16,718.71,722.21,709.96,709.88,1981754.0
2012-05-17,709.5,718.44,716.17,703.92,2017023.0
2012-05-18,711.69,717.27,706.22,705.25,2557588.0
2012-05-21,705.86,709.68,704.8,698.8,2161907.0
2012-05-22,706.92,714.91,714.66,706.92,1829924.0
2012-05-23,715.03,717.2,713.02,705.2,2437692.0
2012-05-24,711.68,718.02,712.58,710.07,2625562.0
2012-05-25,713.04,714.9,702.72,700.62,2275968.0
2012-05-28,699.64,707.49,706.47,686.07,2315363.0
2012-05-29,705.78,721.72,720.45,704.2,2779760.0
2012-05-30,720.57,731.28,727.19,719.14,3310317.0
2012-05-31,724.46,740.49,734.45,721.71,3509504.0
2012-06-01,733.62,739.93,734.26,730.0,3140151.0
2012-06-04,721.68,734.26,717.1,717.04,3231516.0
2012-06-05,718.11,721.57,715.93,713.58,2066623.0
2012-06-06,717.13,722.36,715.24,711.19,1978215.0
2012-06-07,721.56,725.29,711.43,709.17,2160354.0
2012-06-08,716.42,721.36,713.92,710.27,2485741.0
2012-06-11,714.12,734.5,734.5,714.12,3160248.0
2012-06-12,731.04,739.02,735.29,729.71,3130937.0
2012-06-13,735.6,746.51,746.51,735.6,3377576.0
2012-06-14,745.76,750.28,740.97,739.91,3017553.0
2012-06-15,742.38,747.3,742.27,733.33,2996475.0
2012-06-18,744.05,753.77,752.98,744.05,3343200.0
2012-06-19,751.27,752.77,747.49,746.09,2973758.0
2012-06-20,747.64,751.9,748.39,746.03,2569042.0
2012-06-21,746.61,746.61,739.05,732.17,2969750.0
2012-06-25,736.18,736.18,720.6,720.47,2556498.0
2012-06-26,716.3,719.33,715.92,703.03,2218002.0
2012-06-27,715.52,728.54,718.93,715.38,2261525.0
2012-06-28,719.09,723.07,711.14,710.9,2377029.0
2012-06-29,708.11,726.68,726.68,705.86,2397424.0
2012-07-02,730.77,744.96,741.19,730.76,2548603.0
2012-07-03,742.2,751.36,743.9,739.92,2892437.0
2012-07-04,744.7,747.84,739.62,736.9,2589712.0
2012-07-05,738.49,738.49,724.31,721.36,2533026.0
2012-07-06,727.68,737.69,737.29,712.44,2991602.0
2012-07-09,733.66,737.79,722.28,721.6,2915269.0
2012-07-10,719.89,721.81,713.53,710.73,2638456.0
2012-07-11,710.89,719.3,719.3,706.72,1931986.0
2012-07-12,718.62,735.7,734.32,717.2,2786165.0
2012-07-13,731.49,736.46,725.79,722.65,2674352.0
2012-07-16,722.82,722.82,691.39,691.23,3158424.0
2012-07-17,687.74,697.0,697.0,686.11,2018811.0
2012-07-18,695.92,702.17,702.14,684.3,2092447.0
2012-07-19,701.23,714.92,709.17,698.47,2463494.0
2012-07-20,707.83,714.15,706.25,704.87,1842272.0
2012-07-23,703.2,708.21,704.57,697.69,1659013.0
2012-07-24,700.58,712.1,706.4,698.39,1732850.0
2012-07-25,704.7,715.97,708.3,703.35,2053529.0
2012-07-26,707.77,717.76,706.72,704.97,1813329.0
2012-07-27,707.97,711.57,703.58,698.18,1834960.0
2012-07-30,703.7,707.63,688.47,685.84,2027288.0
2012-07-31,686.54,687.69,676.96,672.28,1890912.0
2012-08-01,677.53,694.54,689.49,676.34,1670655.0
2012-08-02,688.33,694.83,690.98,684.2,1779645.0
2012-08-03,691.79,711.93,711.92,690.26,2186007.0
2012-08-06,708.26,731.39,730.42,706.83,2790921.0
2012-08-07,729.63,737.58,736.01,729.44,2680530.0
2012-08-08,734.88,734.88,730.07,723.98,2114193.0
2012-08-09,729.5,743.23,743.2,727.7,2304298.0
2012-08-10,743.28,744.84,743.07,736.55,2108351.0
2012-08-13,742.38,742.38,727.64,726.93,2134268.0
2012-08-14,726.84,736.45,736.35,714.65,2215480.0
2012-08-15,734.87,736.28,729.73,728.49,1734962.0
2012-08-16,728.66,730.13,723.53,720.72,1483162.0
2012-08-17,721.33,723.2,721.05,714.02,1754434.0
2012-08-20,718.14,732.67,730.87,713.15,2212016.0
2012-08-21,730.29,752.78,748.93,729.99,3295566.0
2012-08-22,749.0,756.53,746.85,743.61,3092567.0
2012-08-23,745.47,751.71,750.56,741.38,3214691.0
2012-08-24,747.72,750.35,733.31,733.31,2813315.0
2012-08-27,731.67,731.67,722.57,721.2,2844780.0
2012-08-28,720.83,733.13,727.62,717.53,2444962.0
2012-08-29,726.7,736.74,726.94,722.82,2654244.0
2012-08-30,727.21,729.05,704.03,692.14,3275497.0
2012-08-31,701.37,710.02,706.62,698.62,2144850.0
2012-09-03,703.81,725.17,723.87,701.7,2542487.0
2012-09-04,724.7,732.36,722.72,721.52,2734247.0
2012-09-05,721.07,732.77,730.62,719.34,2682384.0
2012-09-06,732.46,739.74,739.74,731.24,2815718.0
2012-09-07,744.65,764.45,759.46,744.24,5181944.0
2012-09-10,759.69,765.31,762.31,756.03,4595394.0
2012-09-11,761.55,762.51,761.73,756.77,4505682.0
2012-09-12,763.04,766.52,762.51,754.32,3706875.0
2012-09-13,761.78,764.36,749.89,749.89,3776055.0
2012-09-14,753.6,756.2,744.46,738.95,3157627.0
2012-09-17,742.69,742.69,724.15,724.15,2463543.0
2012-09-18,722.38,730.36,723.61,720.45,1929887.0
2012-09-19,724.89,730.3,728.25,723.64,1897239.0
2012-09-20,727.96,727.96,706.69,704.91,2926272.0
2012-09-21,703.42,706.52,691.14,689.53,2504186.0
2012-09-24,685.99,695.19,690.34,678.35,2107950.0
2012-09-25,688.21,693.76,682.34,680.65,1851505.0
2012-09-26,680.47,682.67,661.49,660.12,1862352.0
2012-09-27,662.78,680.48,676.96,662.78,2265339.0
2012-09-28,674.19,691.06,689.64,671.61,2064365.0
2012-10-08,690.35,693.64,690.77,686.27,1518723.0
2012-10-09,691.39,712.78,712.7,691.39,2537913.0
2012-10-10,712.15,722.52,721.85,709.92,2848979.0
2012-10-11,720.39,724.7,711.8,711.63,2735265.0
2012-10-12,711.83,721.26,708.87,700.97,2461294.0
2012-10-15,706.23,707.13,701.96,694.12,2388776.0
2012-10-16,700.94,711.87,705.39,698.97,2205265.0
2012-10-17,706.09,711.41,709.09,701.64,1997252.0
2012-10-18,709.29,721.68,720.52,709.29,2479401.0
2012-10-19,720.85,722.61,719.45,715.92,2009496.0
2012-10-22,716.53,724.29,724.28,714.7,1856933.0
2012-10-23,723.83,725.38,711.26,710.55,2277535.0
2012-10-24,707.3,713.96,707.75,704.41,1967415.0
2012-10-25,707.88,710.98,697.44,696.45,2122783.0
2012-10-26,695.89,697.46,685.33,680.91,2032759.0
2012-10-29,684.34,691.6,688.12,682.76,1521226.0
2012-10-30,688.51,694.67,689.61,687.79,1460902.0
2012-10-31,689.62,691.65,691.65,685.05,1519267.0
2012-11-01,692.06,702.95,701.78,692.06,2200925.0
2012-11-02,702.03,703.13,701.38,697.06,1669260.0
2012-11-05,700.11,703.46,692.87,690.94,1986558.0
2012-11-06,693.36,693.37,690.5,679.96,2244632.0
2012-11-07,689.79,692.58,689.75,686.61,1692860.0
2012-11-08,684.89,685.45,675.85,675.76,1890865.0
2012-11-09,674.59,679.02,672.67,671.69,1579785.0
2012-11-12,674.76,681.3,676.6,671.63,1761712.0
2012-11-13,676.26,676.38,667.33,666.34,1880793.0
2012-11-14,666.4,667.78,665.18,657.58,1664518.0
2012-11-15,662.9,667.86,659.21,657.35,1854619.0
2012-11-16,659.38,660.1,656.2,653.02,1917057.0
2012-11-19,654.78,657.38,656.94,647.87,2068991.0
2012-11-20,657.4,661.24,656.61,656.08,1989494.0
2012-11-21,656.44,661.89,660.03,646.64,2224930.0
2012-11-22,659.13,659.2,651.83,650.39,1966490.0
2012-11-23,652.94,656.36,651.43,650.27,2134824.0
2012-11-26,651.06,651.06,638.88,638.38,1778219.0
2012-11-27,635.26,635.26,616.28,615.59,2274289.0
2012-11-28,611.91,611.91,607.67,605.69,1800844.0
2012-11-29,607.16,611.89,603.17,601.18,1637533.0
2012-11-30,602.95,608.54,606.77,601.05,1612390.0
2012-12-03,605.6,607.25,593.66,593.2,1716211.0
2012-12-04,592.4,601.49,600.8,585.44,1999913.0
2012-12-05,599.45,627.85,624.82,597.76,2877817.0
2012-12-06,625.16,630.22,624.32,619.49,2501462.0
2012-12-07,624.15,638.17,637.49,622.22,3355392.0
2012-12-10,638.24,647.54,646.32,636.17,3783508.0
2012-12-11,645.25,646.79,641.17,640.69,3445913.0
2012-12-12,639.91,640.93,639.51,631.14,3043575.0
2012-12-13,638.09,641.17,632.18,631.19,2844102.0
2012-12-14,631.45,656.59,656.22,631.22,4535105.0
2012-12-17,656.75,658.39,649.61,646.27,3804514.0
2012-12-18,648.56,654.35,646.05,643.05,3536124.0
2012-12-19,645.14,654.41,652.1,644.97,2999773.0
2012-12-20,652.04,658.31,658.31,648.49,3705889.0
2012-12-21,658.54,670.81,668.09,655.62,4177192.0
2012-12-24,666.28,679.76,679.76,665.88,3474324.0
2012-12-25,679.57,695.91,694.12,678.82,4548635.0
2012-12-26,693.29,709.08,709.08,691.99,4542609.0
2012-12-27,709.91,712.85,699.57,699.37,4610356.0
2012-12-28,698.91,707.67,707.67,694.77,3802424.0
2012-12-31,708.24,713.86,713.86,703.62,3854563.0
2013-01-04,717.3,718.39,705.34,699.17,4287979.0
2013-01-07,704.37,718.11,718.11,702.39,4734227.0
2013-01-08,718.43,735.34,733.14,716.3,5583317.0
2013-01-09,732.01,740.64,734.51,727.91,5294531.0
2013-01-10,734.31,743.55,741.18,734.31,4700185.0
2013-01-11,740.9,746.04,731.59,730.4,5327355.0
2013-01-14,735.65,761.73,760.55,735.18,5862242.0
2013-01-15,763.62,781.42,778.6,763.62,7355000.0
2013-01-16,777.04,779.92,774.48,762.04,5548708.0
2013-01-17,773.79,775.82,768.31,767.48,4092372.0
2013-01-18,771.31,787.5,787.39,771.31,4530498.0
2013-01-21,788.07,793.23,792.6,783.41,4424122.0
2013-01-22,792.31,792.54,775.14,769.09,4326860.0
2013-01-23,773.74,779.56,778.48,765.36,3761789.0
2013-01-24,778.64,784.32,757.87,750.36,4988312.0
2013-01-25,757.61,766.78,762.85,756.61,3138993.0
2013-01-28,764.09,784.76,784.76,764.09,3413187.0
2013-01-29,785.76,795.07,791.67,785.76,3989073.0
2013-01-30,791.96,792.77,783.68,778.3,3950807.0
2013-01-31,784.11,784.11,776.01,771.15,4187498.0
2013-02-01,775.11,785.52,782.36,772.94,3915541.0
2013-02-04,783.74,786.56,771.9,767.85,4112435.0
2013-02-05,768.41,781.57,780.98,765.97,3060852.0
2013-02-06,781.32,794.5,791.26,781.32,3294403.0
2013-02-07,792.85,806.31,805.59,789.37,3311283.0
2013-02-08,804.96,824.31,823.03,804.96,3838458.0
2013-02-18,829.66,835.66,835.28,825.95,4772615.0
2013-02-19,834.97,835.41,819.71,816.96,4264075.0
2013-02-20,819.03,850.86,850.86,819.03,5092272.0
2013-02-21,846.64,853.27,839.3,829.6,5679795.0
2013-02-22,837.13,848.16,838.76,836.87,4048523.0
2013-02-25,838.88,857.85,855.69,838.88,4506663.0
2013-02-26,853.28,865.8,851.22,849.94,5060976.0
2013-02-27,852.13,856.12,846.09,835.93,4300497.0
2013-02-28,846.34,861.09,861.09,844.2,4635152.0
2013-03-01,860.8,885.18,884.89,859.83,6075897.0
2013-03-04,880.25,888.79,863.5,855.05,6394611.0
2013-03-05,861.22,888.32,888.1,857.54,4756273.0
2013-03-06,890.23,905.16,902.9,890.23,5514649.0
2013-03-07,902.41,902.41,877.34,867.87,5249887.0
2013-03-08,877.73,882.14,864.7,861.81,3773782.0
2013-03-11,863.12,872.18,869.15,858.04,2812277.0
2013-03-12,869.72,873.47,839.84,828.04,4751704.0
2013-03-13,835.46,836.28,834.05,821.35,3197780.0
2013-03-14,832.29,845.59,842.04,831.57,2839468.0
2013-03-15,841.71,867.86,853.91,839.58,3537446.0
2013-03-18,852.15,862.82,852.12,850.1,2890206.0
2013-03-19,850.06,854.24,842.68,829.19,3007448.0
2013-03-20,842.71,866.27,866.27,842.58,3388526.0
2013-03-21,867.9,885.98,882.73,866.68,4100819.0
2013-03-22,881.9,884.23,882.0,876.92,3211712.0
2013-03-25,882.75,884.85,881.76,874.01,3159530.0
2013-03-26,878.56,879.85,876.36,862.67,3262129.0
2013-03-27,876.55,885.77,882.75,874.25,2853195.0
2013-03-28,877.85,877.85,867.51,861.65,3282402.0
2013-03-29,868.09,872.78,866.46,860.96,2675488.0
2013-04-01,866.65,879.92,877.0,865.98,2793711.0
2013-04-02,875.33,883.15,845.16,843.21,3523357.0
2013-04-03,842.36,845.49,835.14,827.27,2965811.0
2013-04-08,824.78,853.62,853.48,817.35,3118545.0
2013-04-09,854.51,864.12,861.99,853.94,2647311.0
2013-04-10,861.27,861.91,850.53,843.1,2552153.0
2013-04-11,853.14,855.96,847.78,847.39,2208314.0
2013-04-12,847.2,854.22,846.61,845.85,2053747.0
2013-04-15,844.11,845.75,836.34,834.01,1821508.0
2013-04-16,828.94,846.05,846.05,824.84,1980052.0
2013-04-17,845.09,867.51,867.51,844.92,2558329.0
2013-04-18,862.7,875.99,873.48,860.72,2720930.0
2013-04-19,874.88,895.87,892.21,874.88,3450876.0
2013-04-22,890.93,916.02,916.02,889.26,3859813.0
2013-04-23,916.42,916.54,893.79,892.11,3961839.0
2013-04-24,894.69,925.01,923.41,894.69,3896715.0
2013-04-25,924.22,937.56,903.63,903.61,4825635.0
2013-04-26,901.99,904.3,889.38,886.4,3432449.0
2013-05-02,887.08,914.17,913.65,883.79,2807351.0
2013-05-03,916.01,940.28,939.21,916.01,3907975.0
2013-05-06,941.09,962.63,958.02,941.09,4974099.0
2013-05-07,956.41,964.71,957.44,949.84,4255336.0
2013-05-08,960.98,980.08,980.08,960.7,4938705.0
2013-05-09,978.94,994.27,992.16,978.07,5831104.0
2013-05-10,989.15,996.59,988.3,977.43,5499877.0
2013-05-13,989.37,995.25,995.11,978.72,4660950.0
2013-05-14,992.62,992.62,976.33,971.35,4130127.0
2013-05-15,976.95,1012.67,1012.66,976.95,4997558.0
2013-05-16,1010.95,1034.35,1009.53,999.49,6936318.0
2013-05-17,1006.47,1029.11,1023.4,1004.42,5407032.0
2013-05-20,1025.17,1052.7,1051.65,1025.17,6975498.0
2013-05-21,1049.6,1074.89,1073.58,1045.46,7123378.0
2013-05-22,1067.44,1067.5,1039.81,1036.31,7110503.0
2013-05-23,1035.31,1061.53,1042.9,1033.12,5805538.0
2013-05-24,1044.29,1073.78,1073.78,1044.29,6134108.0
2013-05-27,1075.82,1091.25,1089.72,1075.82,6706748.0
2013-05-28,1089.77,1090.16,1059.0,1055.64,6194494.0
2013-05-29,1055.6,1067.03,1065.96,1053.18,4870734.0
2013-05-30,1063.0,1078.46,1073.87,1059.83,5214342.0
2013-05-31,1074.48,1086.33,1073.02,1068.07,5830883.0
2013-06-03,1070.73,1074.82,1052.14,1050.21,5501579.0
2013-06-04,1049.1,1049.26,1022.46,1011.4,5532344.0
2013-06-05,1021.02,1038.03,1032.76,1021.02,4293719.0
2013-06-06,1027.05,1031.36,1022.13,1020.83,4216312.0
2013-06-07,1022.56,1039.65,1030.14,1018.45,4635117.0
2013-06-13,1019.47,1029.28,1029.28,986.05,4612354.0
2013-06-14,1029.93,1069.81,1068.15,1029.93,5170685.0
2013-06-17,1074.53,1091.91,1073.69,1068.61,6052543.0
2013-06-18,1073.31,1078.53,1072.93,1053.32,5072086.0
2013-06-19,1064.74,1070.35,1067.62,1053.8,4644821.0
2013-06-20,1060.38,1067.95,1029.53,1027.84,4925185.0
2013-06-21,1007.87,1030.13,1025.5,988.22,4957631.0
2013-06-24,1023.22,1023.22,971.45,961.84,5493085.0
2013-06-25,958.35,991.64,984.75,903.67,7076851.0
2013-06-26,984.94,1039.01,1038.98,984.88,7034879.0
2013-06-27,1043.66,1063.02,1022.5,1020.46,7344872.0
2013-06-28,1012.64,1037.42,1011.66,1002.19,5240326.0
2013-07-01,1011.27,1055.84,1055.84,1005.8,5199856.0
2013-07-02,1056.91,1086.4,1083.25,1056.91,6890767.0
2013-07-03,1079.65,1108.48,1104.58,1065.51,6870788.0
2013-07-04,1097.77,1105.79,1087.9,1085.4,5890973.0
2013-07-05,1087.69,1091.82,1057.27,1057.13,5502364.0
2013-07-08,1035.94,1057.04,1030.6,1015.67,5243887.0
2013-07-09,1028.56,1051.51,1050.71,1026.46,4535638.0
2013-07-10,1049.21,1069.39,1068.86,1048.73,5096405.0
2013-07-11,1066.7,1082.78,1080.78,1057.44,5674886.0
2013-07-12,1079.33,1117.69,1096.3,1077.31,6268977.0
2013-07-15,1096.19,1139.57,1139.57,1096.19,7179817.0
2013-07-16,1141.57,1153.07,1143.19,1129.74,6739067.0
2013-07-17,1140.73,1149.47,1129.48,1118.85,6186905.0
2013-07-18,1124.79,1138.09,1127.97,1118.63,5430280.0
2013-07-19,1125.77,1156.09,1116.01,1116.01,6621442.0
2013-07-22,1109.95,1153.77,1153.77,1107.33,6072666.0
2013-07-23,1161.08,1179.46,1178.59,1160.45,7464445.0
2013-07-24,1181.36,1208.13,1203.31,1177.59,7938220.0
2013-07-25,1205.62,1207.23,1150.39,1148.81,7945521.0
2013-07-26,1150.25,1166.21,1158.35,1133.16,5451287.0
2013-07-29,1155.81,1168.47,1136.98,1136.4,5652118.0
2013-07-30,1137.15,1147.02,1124.1,1095.65,5382651.0
2013-07-31,1126.1,1143.37,1134.02,1117.34,4645088.0
2013-08-01,1135.45,1191.12,1190.11,1135.45,6597375.0
2013-08-02,1196.17,1208.32,1188.85,1187.31,7141282.0
2013-08-05,1186.73,1202.83,1202.83,1182.54,5255116.0
2013-08-06,1202.09,1219.12,1211.78,1200.69,5859410.0
2013-08-07,1208.5,1209.37,1175.7,1173.26,5734165.0
2013-08-08,1172.08,1195.92,1185.95,1165.32,4687789.0
2013-08-09,1185.64,1194.78,1172.52,1153.45,4929515.0
2013-08-12,1174.09,1185.37,1161.87,1146.02,5322907.0
2013-08-13,1161.49,1180.61,1172.33,1151.68,4992836.0
2013-08-14,1175.62,1186.29,1180.66,1160.02,6317244.0
2013-08-15,1177.85,1184.4,1167.09,1165.77,5916297.0
2013-08-16,1158.96,1178.84,1132.09,1131.44,5759879.0
2013-08-19,1126.64,1172.03,1171.4,1125.59,4878585.0
2013-08-20,1170.99,1180.99,1175.78,1164.38,5449413.0
2013-08-21,1173.61,1185.54,1181.34,1169.49,5040810.0
2013-08-22,1180.19,1204.59,1197.13,1178.41,5459590.0
2013-08-23,1200.68,1225.89,1219.82,1188.82,6588196.0
2013-08-26,1220.97,1241.47,1238.17,1220.58,5520691.0
2013-08-27,1238.27,1251.04,1250.75,1226.38,5193880.0
2013-08-28,1244.01,1253.4,1227.99,1227.99,6269333.0
2013-08-29,1224.61,1236.45,1226.3,1217.52,4461159.0
2013-08-30,1221.87,1226.36,1185.15,1181.89,5485316.0
2013-09-02,1179.32,1210.53,1210.19,1178.01,4063146.0
2013-09-03,1217.77,1234.59,1234.59,1214.3,4383856.0
2013-09-04,1233.5,1245.78,1236.35,1227.32,4822369.0
2013-09-05,1233.82,1267.53,1267.26,1233.26,5437350.0
2013-09-06,1267.84,1288.26,1282.75,1261.57,5260181.0
2013-09-09,1282.65,1283.7,1275.91,1258.13,6335471.0
2013-09-10,1277.87,1278.04,1263.59,1254.01,6408277.0
2013-09-11,1256.66,1256.66,1220.7,1216.37,6611907.0
2013-09-12,1215.69,1236.59,1220.63,1211.6,4410288.0
2013-09-13,1221.15,1256.04,1253.45,1210.4,4858786.0
2013-09-16,1254.47,1297.64,1278.8,1254.47,5247437.0
2013-09-17,1279.26,1285.63,1269.36,1267.71,4786393.0
2013-09-18,1268.34,1292.33,1289.64,1262.33,4903746.0
2013-09-23,1292.76,1326.41,1326.09,1291.33,6047439.0
2013-09-24,1325.89,1340.52,1328.4,1310.33,6414432.0
2013-09-25,1324.19,1344.39,1323.04,1320.11,5657905.0
2013-09-26,1318.52,1332.12,1306.34,1301.14,5160887.0
2013-09-27,1305.51,1330.69,1323.76,1301.48,4634865.0
2013-09-30,1329.56,1368.66,1367.91,1329.56,4431975.0
2013-10-08,1376.36,1389.73,1387.66,1363.9,5451971.0
2013-10-09,1385.96,1418.48,1415.83,1382.1,5896736.0
2013-10-10,1422.35,1423.96,1378.15,1377.32,7345370.0
2013-10-11,1377.98,1386.54,1379.9,1357.49,6596389.0
2013-10-14,1374.47,1394.34,1393.6,1370.72,6583378.0
2013-10-15,1397.21,1409.5,1389.75,1378.81,7190097.0
2013-10-16,1393.01,1393.1,1335.1,1323.87,7227045.0
2013-10-17,1339.31,1355.65,1322.99,1317.75,7139795.0
2013-10-18,1327.09,1353.97,1349.94,1327.09,5753769.0
2013-10-21,1358.88,1403.11,1400.97,1358.88,7808351.0
2013-10-22,1401.47,1408.45,1350.47,1348.69,9769213.0
2013-10-23,1336.23,1336.23,1311.23,1293.82,8245064.0
2013-10-24,1307.11,1319.37,1295.93,1287.88,5426200.0
2013-10-25,1298.72,1304.49,1269.17,1255.59,6647938.0
2013-10-28,1264.14,1286.0,1279.05,1262.34,5470776.0
2013-10-29,1276.27,1292.97,1261.68,1205.0,7771766.0
2013-10-30,1256.24,1274.34,1273.29,1251.01,5357037.0
2013-10-31,1266.56,1266.56,1235.56,1232.4,4836081.0
2013-11-01,1227.69,1233.57,1221.96,1198.81,5315116.0
2013-11-04,1217.28,1240.88,1222.46,1216.85,4384428.0
2013-11-05,1217.64,1260.37,1260.03,1208.35,5359876.0
2013-11-06,1255.47,1277.43,1241.79,1241.76,5997418.0
2013-11-07,1234.24,1250.57,1224.05,1219.31,4430329.0
2013-11-08,1215.68,1226.32,1211.11,1204.52,4453887.0
2013-11-11,1208.26,1223.77,1212.69,1191.18,3621481.0
2013-11-12,1213.31,1233.19,1228.35,1209.54,4563871.0
2013-11-13,1226.53,1236.39,1212.08,1210.66,4341882.0
2013-11-14,1207.45,1251.77,1249.67,1200.71,5414359.0
2013-11-15,1248.26,1287.08,1269.05,1248.07,6379840.0
2013-11-18,1275.55,1295.21,1291.15,1275.55,5946346.0
2013-11-19,1293.06,1312.06,1298.17,1289.91,5688540.0
2013-11-20,1299.68,1303.45,1299.26,1283.66,4886540.0
2013-11-21,1295.93,1304.74,1298.95,1288.21,5785573.0
2013-11-22,1298.47,1300.96,1295.07,1283.88,4996345.0
2013-11-25,1290.84,1305.23,1293.8,1283.66,4624055.0
2013-11-26,1291.62,1299.67,1291.85,1280.01,4822677.0
2013-11-27,1290.19,1336.17,1329.48,1288.58,6424139.0
2013-11-28,1333.05,1342.82,1336.66,1331.45,5791885.0
2013-11-29,1335.63,1369.12,1366.83,1335.63,6452086.0
2013-12-02,1296.7,1317.69,1253.93,1253.34,8751577.0
2013-12-03,1223.38,1261.77,1255.33,1198.06,7255732.0
2013-12-04,1249.59,1276.06,1240.29,1240.08,6683237.0
2013-12-05,1234.5,1236.1,1202.07,1200.46,6767590.0
2013-12-06,1196.32,1215.49,1206.78,1194.74,5107298.0
2013-12-09,1211.39,1241.77,1241.71,1211.39,5355340.0
2013-12-10,1244.57,1249.35,1231.92,1227.06,5120405.0
2013-12-11,1230.78,1255.06,1244.51,1226.58,4826232.0
2013-12-12,1242.15,1285.27,1279.32,1238.95,6106137.0
2013-12-13,1274.17,1286.72,1278.14,1268.65,5384233.0
2013-12-16,1279.06,1293.94,1279.96,1266.94,6018626.0
2013-12-17,1278.53,1282.17,1267.67,1248.82,4984002.0
2013-12-18,1267.77,1267.77,1256.0,1245.96,4560355.0
2013-12-19,1253.43,1281.82,1256.08,1253.43,4894862.0
2013-12-20,1255.82,1266.03,1253.71,1246.39,4286889.0
2013-12-23,1251.41,1253.67,1242.81,1224.99,4789181.0
2013-12-24,1242.0,1264.72,1258.82,1241.91,4935873.0
2013-12-25,1262.0,1288.85,1288.34,1258.41,5548114.0
2013-12-26,1290.87,1297.47,1269.54,1268.14,5624875.0
2013-12-27,1265.08,1297.62,1294.3,1265.08,5416993.0
2013-12-30,1294.42,1307.99,1307.99,1292.83,5475464.0
2013-12-31,1302.67,1309.34,1304.44,1288.94,5163002.0
2014-01-02,1302.3,1333.1,1333.0,1299.34,5471068.0
2014-01-03,1332.35,1355.12,1352.84,1331.97,6209396.0
2014-01-06,1350.31,1354.15,1323.33,1322.72,5563493.0
2014-01-07,1315.44,1355.4,1352.28,1312.27,5318760.0
2014-01-08,1363.31,1409.21,1405.02,1363.31,8685217.0
2014-01-09,1401.8,1423.84,1380.24,1379.65,7628716.0
2014-01-10,1373.52,1385.85,1353.3,1347.61,4390992.0
2014-01-13,1352.01,1374.15,1362.79,1349.25,4461048.0
2014-01-14,1364.8,1400.92,1400.92,1364.8,4810748.0
2014-01-15,1399.67,1417.42,1415.32,1397.94,4763004.0
2014-01-16,1415.57,1423.12,1395.16,1392.01,4798139.0
2014-01-17,1395.03,1411.55,1395.51,1391.62,4793895.0
2014-01-20,1393.88,1400.94,1372.74,1362.45,5146414.0
2014-01-21,1370.69,1407.45,1407.15,1370.69,5210025.0
2014-01-22,1407.46,1432.0,1431.74,1407.46,6398492.0
2014-01-23,1433.7,1472.34,1461.53,1433.17,7375285.0
2014-01-24,1458.21,1493.64,1484.43,1455.95,6753368.0
2014-01-27,1477.46,1500.46,1477.67,1465.14,7042767.0
2014-01-28,1476.59,1486.42,1471.34,1448.47,5508402.0
2014-01-29,1472.54,1497.72,1496.53,1469.58,5530405.0
2014-01-30,1494.12,1507.87,1495.98,1486.82,5429595.0
2014-02-07,1489.05,1532.82,1532.69,1483.69,5603172.0
2014-02-10,1536.99,1557.03,1553.42,1525.94,7266272.0
2014-02-11,1550.62,1559.77,1527.15,1506.04,7856495.0
2014-02-12,1527.1,1540.33,1539.97,1513.91,6622435.0
2014-02-13,1537.26,1539.66,1485.13,1484.42,7661786.0
2014-02-14,1484.56,1516.43,1515.78,1475.95,5816737.0
2014-02-17,1521.17,1559.12,1558.62,1521.17,7200833.0
2014-02-18,1558.74,1561.77,1545.34,1539.21,6613089.0
2014-02-19,1544.64,1551.88,1544.4,1524.39,6674200.0
2014-02-20,1545.26,1545.51,1515.16,1504.17,6141650.0
2014-02-21,1512.17,1526.03,1519.67,1503.81,4849036.0
2014-02-24,1517.97,1542.31,1540.03,1510.46,5599467.0
2014-02-25,1543.97,1571.4,1472.69,1460.41,8773971.0
2014-02-26,1452.06,1468.0,1465.98,1415.25,6203060.0
2014-02-27,1467.27,1496.62,1414.66,1410.97,6585857.0
2014-02-28,1410.4,1436.88,1434.89,1393.0,5034207.0
2014-03-03,1433.9,1466.23,1465.14,1431.14,4836034.0
2014-03-04,1462.26,1475.5,1460.45,1446.27,4802637.0
2014-03-05,1467.06,1471.04,1464.58,1454.94,4698540.0
2014-03-06,1461.11,1464.41,1462.53,1427.0,5024244.0
2014-03-07,1463.93,1477.96,1460.61,1453.62,5030434.0
2014-03-10,1446.06,1446.06,1407.07,1404.59,5040936.0
2014-03-11,1399.9,1410.38,1395.81,1380.97,4148921.0
2014-03-12,1390.86,1418.61,1399.27,1378.89,4515111.0
2014-03-13,1401.55,1437.15,1436.86,1401.43,3438718.0
2014-03-14,1433.46,1450.38,1434.02,1424.01,3261496.0
2014-03-17,1436.1,1477.68,1477.42,1435.32,3803460.0
2014-03-18,1479.38,1493.39,1485.64,1478.72,4848273.0
2014-03-19,1481.49,1482.3,1466.22,1456.9,4188301.0
2014-03-20,1463.07,1466.42,1417.66,1417.17,4678306.0
2014-03-21,1405.9,1427.92,1419.84,1379.74,4461097.0
2014-03-24,1411.78,1416.86,1397.29,1392.51,3925648.0
2014-03-25,1392.14,1410.48,1394.82,1385.0,3099488.0
2014-03-26,1396.91,1424.25,1417.61,1396.91,3874384.0
2014-03-27,1415.55,1417.36,1367.96,1367.96,4085539.0
2014-03-28,1363.87,1364.26,1330.5,1317.41,4579607.0
2014-03-31,1327.23,1340.47,1327.8,1315.49,2827273.0
2014-04-01,1327.18,1355.73,1355.05,1326.25,3114187.0
2014-04-02,1356.68,1360.88,1327.98,1316.9,3245949.0
2014-04-03,1326.81,1344.32,1326.18,1318.82,3019842.0
2014-04-04,1323.41,1347.05,1346.74,1316.95,2770356.0
2014-04-08,1335.39,1351.83,1351.18,1327.8,3794370.0
2014-04-09,1355.37,1376.69,1370.46,1355.37,4088731.0
2014-04-10,1374.61,1395.04,1381.14,1374.61,4708382.0
2014-04-11,1370.4,1370.4,1363.9,1352.13,3510937.0
2014-04-14,1367.75,1378.32,1372.73,1367.75,3350384.0
2014-04-15,1375.69,1380.86,1369.89,1367.23,3358859.0
2014-04-16,1365.83,1367.91,1359.3,1353.78,2601784.0
2014-04-17,1360.75,1373.85,1367.59,1360.75,2834631.0
2014-04-18,1365.36,1377.84,1377.42,1362.61,3052557.0
2014-04-21,1367.93,1384.69,1363.85,1363.01,3524365.0
2014-04-22,1361.58,1367.63,1336.19,1317.1,3667130.0
2014-04-23,1332.93,1338.67,1324.82,1318.23,2797616.0
2014-04-24,1325.86,1326.96,1319.51,1303.23,3180701.0
2014-04-25,1316.37,1318.07,1291.9,1290.36,2849979.0
2014-04-28,1283.64,1283.87,1257.26,1256.12,3288092.0
2014-04-29,1253.24,1274.21,1266.54,1248.32,2702525.0
2014-04-30,1266.34,1287.77,1283.21,1266.34,2729920.0
2014-05-05,1281.16,1302.68,1302.15,1279.31,2650564.0
2014-05-06,1301.59,1327.8,1316.86,1301.59,3426177.0
2014-05-07,1313.38,1313.38,1290.03,1289.56,3029026.0
2014-05-08,1284.44,1300.83,1279.84,1279.29,2677583.0
2014-05-09,1279.68,1282.82,1258.58,1249.56,3010293.0
2014-05-12,1263.92,1281.1,1278.28,1250.94,3196732.0
2014-05-13,1274.57,1293.82,1276.24,1273.33,3152614.0
2014-05-14,1273.21,1282.34,1278.66,1269.24,2602917.0
2014-05-15,1276.64,1283.43,1253.88,1253.62,3355680.0
2014-05-16,1250.38,1252.39,1226.47,1210.81,3474926.0
2014-05-19,1224.65,1233.84,1228.37,1213.99,2679088.0
2014-05-20,1239.65,1261.94,1244.65,1239.65,3442952.0
2014-05-21,1241.02,1257.8,1257.8,1231.86,2859746.0
2014-05-22,1259.87,1287.87,1269.51,1259.87,4370130.0
2014-05-23,1269.18,1296.83,1296.0,1262.1,4643110.0
2014-05-26,1301.86,1323.84,1320.76,1301.86,6025381.0
2014-05-27,1319.66,1319.66,1306.28,1303.15,4551053.0
2014-05-28,1306.29,1339.03,1338.97,1306.29,6178721.0
2014-05-29,1338.3,1341.57,1314.21,1312.42,4997244.0
2014-05-30,1312.3,1323.59,1318.13,1300.09,4542101.0
2014-06-03,1317.99,1332.78,1319.62,1317.99,4731118.0
2014-06-04,1318.33,1321.72,1321.72,1303.36,5190900.0
2014-06-05,1320.14,1356.53,1355.48,1317.53,6996637.0
2014-06-06,1354.91,1362.98,1350.45,1340.83,6391925.0
2014-06-09,1348.77,1349.92,1326.68,1326.63,5076008.0
2014-06-10,1327.1,1356.97,1353.87,1316.84,6258184.0
2014-06-11,1350.38,1371.25,1367.39,1348.4,6386047.0
2014-06-12,1364.41,1375.97,1363.74,1358.08,6252621.0
2014-06-13,1361.09,1386.35,1382.73,1359.65,6785669.0
2014-06-16,1384.16,1397.63,1395.61,1384.16,7087250.0
2014-06-17,1396.38,1396.38,1377.43,1377.4,6155892.0
2014-06-18,1377.58,1384.87,1363.99,1363.75,5369211.0
2014-06-19,1363.45,1370.31,1320.66,1310.49,6169263.0
2014-06-20,1319.11,1335.65,1333.98,1313.14,4306846.0
2014-06-23,1335.18,1366.59,1361.28,1335.18,5181033.0
2014-06-24,1360.08,1372.16,1369.44,1359.13,4984334.0
2014-06-25,1368.66,1368.66,1358.71,1347.82,4691084.0
2014-06-26,1360.2,1391.3,1386.27,1360.2,6215072.0
2014-06-27,1388.38,1397.96,1388.81,1382.07,6332964.0
2014-06-30,1388.47,1404.71,1404.71,1374.3,6949853.0
2014-07-01,1405.44,1415.33,1411.74,1398.15,6717446.0
2014-07-02,1413.17,1425.3,1419.94,1402.22,6868491.0
2014-07-03,1419.81,1428.67,1422.6,1412.16,8500083.0
2014-07-04,1421.68,1423.89,1411.64,1406.21,7316971.0
2014-07-07,1411.99,1411.99,1393.89,1381.94,7084421.0
2014-07-08,1392.35,1410.72,1410.72,1379.49,7016326.0
2014-07-09,1410.39,1418.68,1384.58,1384.26,8070078.0
2014-07-10,1384.45,1387.89,1363.88,1362.35,6647832.0
2014-07-11,1361.57,1372.12,1359.34,1351.77,5975015.0
2014-07-14,1358.17,1367.82,1367.07,1342.56,6850127.0
2014-07-15,1364.08,1366.16,1341.27,1332.87,6879634.0
2014-07-16,1338.92,1344.36,1318.61,1310.86,6365693.0
2014-07-17,1315.09,1323.24,1312.81,1304.58,4655989.0
2014-07-18,1309.96,1321.93,1305.92,1300.76,4258228.0
2014-07-21,1304.72,1313.56,1306.96,1287.23,4751454.0
2014-07-22,1306.32,1330.29,1329.35,1305.03,5221611.0
2014-07-23,1330.14,1332.36,1293.09,1287.64,5764228.0
2014-07-24,1291.48,1291.48,1271.88,1255.69,5836969.0
2014-07-25,1271.43,1288.67,1285.77,1270.36,4254078.0
2014-07-28,1289.1,1316.04,1314.53,1286.66,5638570.0
2014-07-29,1315.75,1337.53,1331.76,1310.84,6079139.0
2014-07-30,1330.19,1345.35,1342.74,1329.07,5648182.0
2014-07-31,1342.73,1346.22,1344.54,1334.26,5111416.0
2014-08-01,1339.98,1343.58,1325.94,1324.19,5827999.0
2014-08-04,1325.01,1331.8,1329.82,1324.26,4450591.0
2014-08-05,1330.32,1363.12,1360.69,1321.2,8187878.0
2014-08-06,1357.53,1368.53,1365.74,1353.95,6297388.0
2014-08-07,1365.18,1381.46,1362.03,1361.33,6312172.0
2014-08-08,1368.06,1381.44,1377.44,1368.06,5634665.0
2014-08-11,1379.47,1397.97,1397.78,1379.47,6644964.0
2014-08-12,1398.15,1402.75,1396.44,1393.11,6211937.0
2014-08-13,1396.26,1397.1,1384.31,1370.08,6496260.0
2014-08-14,1384.72,1394.52,1380.3,1378.95,6046571.0
2014-08-15,1382.87,1392.49,1392.45,1377.93,6245268.0
2014-08-18,1394.64,1429.0,1428.74,1394.64,8789728.0
2014-08-19,1436.42,1446.79,1436.4,1427.06,9432676.0
2014-08-20,1438.29,1438.29,1427.4,1421.92,6900496.0
2014-08-21,1428.63,1447.91,1447.88,1421.24,7908640.0
2014-08-22,1450.1,1465.67,1461.72,1446.04,8606144.0
2014-08-25,1461.21,1461.49,1443.81,1439.85,7983738.0
2014-08-26,1440.7,1443.6,1411.15,1406.34,6777489.0
2014-08-27,1411.76,1427.31,1420.54,1411.76,5295961.0
2014-08-28,1423.34,1424.29,1403.8,1398.56,5339348.0
2014-08-29,1400.84,1424.47,1424.47,1400.83,4291319.0
2014-09-01,1428.36,1453.12,1452.84,1427.93,6008886.0
2014-09-02,1457.51,1465.04,1465.03,1452.71,7894489.0
2014-09-03,1468.09,1479.83,1477.67,1461.23,9037420.0
2014-09-04,1478.33,1495.81,1495.51,1472.89,9033361.0
2014-09-05,1497.99,1498.26,1489.83,1482.04,7758551.0
2014-09-09,1492.44,1497.42,1494.02,1479.06,7608182.0
2014-09-10,1491.41,1506.47,1504.91,1484.71,7241514.0
2014-09-11,1506.0,1532.31,1513.01,1502.39,9933642.0
2014-09-12,1512.4,1524.32,1524.12,1506.88,7805218.0
2014-09-15,1522.57,1528.57,1526.14,1517.3,8755358.0
2014-09-16,1527.06,1529.4,1473.13,1471.61,10281527.0
2014-09-17,1473.52,1481.06,1479.12,1456.5,6375396.0
2014-09-18,1477.31,1492.61,1490.79,1474.65,5775977.0
2014-09-19,1492.1,1501.39,1499.12,1486.28,5739032.0
2014-09-22,1496.96,1496.96,1483.35,1480.18,6547808.0
2014-09-23,1485.51,1502.04,1500.99,1483.04,5867363.0
2014-09-24,1501.04,1517.42,1517.42,1497.89,7284822.0
2014-09-25,1520.1,1523.25,1508.42,1505.65,8395692.0
2014-09-26,1506.31,1512.8,1511.36,1502.5,6589880.0
2014-09-29,1515.38,1526.36,1526.18,1515.38,7320545.0
2014-09-30,1527.26,1540.95,1540.87,1527.26,6685560.0
2014-10-08,1543.59,1557.57,1557.57,1537.01,7457259.0
2014-10-09,1562.1,1569.06,1561.17,1541.67,8744940.0
2014-10-10,1559.93,1563.87,1554.22,1546.22,8037670.0
2014-10-13,1548.18,1548.88,1548.33,1527.7,7501368.0
2014-10-14,1546.67,1560.06,1539.12,1532.44,7189510.0
2014-10-15,1539.35,1545.75,1545.62,1527.19,6510670.0
2014-10-16,1539.86,1551.84,1526.56,1526.54,6999899.0
2014-10-17,1527.46,1529.55,1511.05,1488.47,6580079.0
2014-10-20,1513.42,1532.38,1532.38,1513.42,4949387.0
2014-10-21,1535.07,1537.67,1517.48,1515.93,5896893.0
2014-10-22,1518.8,1524.8,1504.55,1503.82,5526244.0
2014-10-23,1500.55,1501.72,1477.84,1474.04,5499286.0
2014-10-24,1478.34,1493.53,1477.59,1473.06,4161694.0
2014-10-27,1473.66,1492.01,1492.01,1465.96,5325224.0
2014-10-28,1495.69,1522.05,1522.05,1495.69,6397386.0
2014-10-29,1525.98,1535.8,1530.08,1524.08,7395215.0
2014-10-30,1532.91,1539.21,1525.77,1522.64,6372165.0
2014-10-31,1527.6,1529.55,1513.27,1502.24,7055584.0
2014-11-03,1513.25,1529.9,1529.89,1513.2,5968475.0
2014-11-04,1531.82,1538.18,1516.4,1514.46,6341710.0
2014-11-05,1514.77,1517.02,1512.49,1505.98,5509058.0
2014-11-06,1513.72,1532.87,1532.52,1510.78,5793309.0
2014-11-07,1535.49,1543.72,1522.62,1517.29,7687742.0
2014-11-10,1525.2,1526.38,1514.82,1506.8,6105760.0
2014-11-11,1513.53,1514.37,1461.51,1452.03,7822258.0
2014-11-12,1457.24,1476.03,1475.75,1455.09,4657556.0
2014-11-13,1473.74,1473.74,1442.86,1434.27,6611010.0
2014-11-14,1438.97,1449.1,1441.21,1435.5,4424866.0
2014-11-17,1444.06,1474.36,1471.69,1437.99,5206730.0
2014-11-18,1471.08,1483.14,1481.86,1470.51,5174422.0
2014-11-19,1488.46,1509.73,1505.55,1488.46,5962341.0
2014-11-20,1504.58,1504.58,1494.59,1491.65,5896626.0
2014-11-21,1493.16,1508.22,1504.83,1493.16,5378335.0
2014-11-24,1513.43,1515.84,1507.81,1497.85,6760055.0
2014-11-25,1510.62,1541.92,1541.92,1510.25,8047757.0
2014-11-26,1544.69,1561.3,1554.22,1544.1,7977083.0
2014-11-27,1557.77,1566.83,1563.41,1548.29,7923711.0
2014-11-28,1562.83,1582.48,1570.85,1558.31,9557240.0
2014-12-01,1569.65,1569.65,1552.31,1544.18,8887777.0
2014-12-02,1554.46,1567.54,1565.42,1552.13,8125991.0
2014-12-03,1568.47,1604.88,1604.45,1540.42,13363363.0
2014-12-04,1604.89,1631.31,1621.84,1604.89,11818100.0
2014-12-05,1626.12,1626.12,1581.91,1544.46,12453164.0
2014-12-08,1575.3,1600.86,1567.16,1554.79,11905377.0
2014-12-09,1557.02,1577.75,1504.62,1504.23,13437291.0
2014-12-10,1499.33,1576.89,1572.69,1499.33,11645015.0
2014-12-11,1572.6,1593.38,1587.67,1563.31,10808212.0
2014-12-12,1588.24,1626.34,1623.57,1586.75,10250238.0
2014-12-15,1623.6,1664.26,1657.5,1619.7,10029890.0
2014-12-16,1665.3,1674.98,1649.58,1636.18,9025218.0
2014-12-17,1639.15,1652.97,1644.21,1623.7,8897669.0
2014-12-18,1641.58,1663.67,1634.05,1633.26,7890489.0
2014-12-19,1627.8,1627.8,1596.81,1568.98,8451846.0
2014-12-22,1583.95,1583.95,1517.93,1510.05,9139626.0
2014-12-23,1501.53,1543.35,1496.53,1489.12,7374960.0
2014-12-24,1502.67,1524.27,1519.8,1501.23,5908522.0
2014-12-25,1521.99,1531.64,1529.47,1514.23,5972622.0
2014-12-26,1531.2,1539.16,1536.08,1524.01,6024367.0
2014-12-29,1531.12,1531.12,1499.4,1491.21,8416279.0
2014-12-30,1491.1,1493.44,1460.11,1450.05,7632859.0
2014-12-31,1455.68,1479.86,1471.76,1451.29,6278563.0
2015-01-05,1470.58,1470.58,1464.77,1429.08,8048809.0
2015-01-06,1458.57,1542.15,1539.83,1454.14,11002410.0
2015-01-07,1542.4,1547.25,1523.39,1517.37,8511065.0
2015-01-08,1516.83,1565.77,1541.89,1516.83,8472050.0
2015-01-09,1535.33,1583.75,1553.24,1534.61,9200110.0
2015-01-12,1552.05,1587.18,1586.12,1550.62,7788307.0
2015-01-13,1587.69,1611.12,1601.17,1578.4,8482573.0
2015-01-14,1598.72,1605.16,1588.01,1579.55,6797307.0
2015-01-15,1584.68,1606.56,1586.33,1578.22,6413981.0
2015-01-16,1586.71,1641.53,1639.56,1586.64,8001356.0
2015-01-19,1608.25,1691.14,1630.06,1599.66,11434059.0
2015-01-20,1635.57,1700.94,1700.85,1635.57,11651172.0
2015-01-21,1704.1,1729.84,1722.58,1701.87,13657857.0
2015-01-22,1723.24,1744.08,1744.04,1716.39,11741562.0
2015-01-23,1742.09,1742.09,1697.29,1693.52,10102309.0
2015-01-26,1698.98,1740.37,1739.79,1698.98,8859796.0
2015-01-27,1742.46,1754.21,1743.68,1715.53,9485715.0
2015-01-28,1741.07,1759.0,1731.41,1727.92,9005078.0
2015-01-29,1717.4,1733.63,1711.37,1709.36,7044475.0
2015-01-30,1712.85,1721.14,1680.58,1679.69,7542110.0
2015-02-02,1667.12,1708.71,1696.83,1660.05,7051525.0
2015-02-03,1703.93,1762.73,1750.91,1703.93,10309984.0
2015-02-04,1753.77,1770.2,1757.74,1743.02,9854424.0
2015-02-05,1757.23,1809.72,1774.31,1741.96,12803030.0
2015-02-06,1772.35,1783.62,1730.97,1725.64,9614324.0
2015-02-09,1727.22,1753.5,1708.84,1702.56,7492941.0
2015-02-10,1707.26,1747.86,1747.68,1700.88,6188872.0
2015-02-11,1748.23,1783.24,1772.84,1748.23,7442504.0
2015-02-12,1777.22,1799.45,1788.81,1776.35,8295701.0
2015-02-13,1798.54,1828.23,1825.49,1796.41,9687092.0
2015-02-16,1836.71,1897.66,1896.63,1836.71,12084083.0
2015-02-17,1908.18,1909.91,1894.31,1873.17,9332695.0
2015-02-25,1899.39,1909.65,1876.74,1872.1,11076894.0
2015-02-26,1875.33,1891.78,1880.39,1847.73,10216133.0
2015-02-27,1880.63,1928.04,1928.04,1880.63,11591398.0
2015-03-02,1944.11,1987.8,1986.99,1940.32,15740467.0
2015-03-03,1987.33,2004.03,1961.74,1961.01,16073667.0
2015-03-04,1960.54,2011.08,2009.83,1960.54,13639177.0
2015-03-05,2015.7,2032.22,2014.79,1997.46,13729280.0
2015-03-06,2016.81,2018.18,1951.4,1949.29,11680900.0
2015-03-09,1941.42,1996.9,1994.39,1932.82,9924177.0
2015-03-10,2001.19,2048.3,2045.32,2001.19,11513562.0
2015-03-11,2050.76,2054.77,2035.83,2022.32,12121049.0
2015-03-12,2034.62,2054.39,2018.13,1984.91,12554152.0
2015-03-13,2020.66,2070.95,2069.07,2011.17,11454139.0
2015-03-16,2088.2,2144.78,2142.67,2088.2,15609051.0
2015-03-17,2149.37,2164.49,2137.46,2117.78,15488669.0
2015-03-18,2138.37,2186.02,2182.92,2124.98,14615347.0
2015-03-19,2184.76,2192.55,2183.88,2160.99,13173261.0
2015-03-20,2187.47,2232.08,2213.77,2187.01,14970050.0
2015-03-23,2225.85,2293.92,2293.65,2221.71,16063278.0
2015-03-24,2310.51,2363.05,2357.97,2253.2,19795133.0
2015-03-25,2364.94,2405.56,2385.01,2344.11,17105895.0
2015-03-26,2362.45,2370.29,2291.79,2270.79,16920001.0
2015-03-27,2274.677,2326.418,2323.819,2326.418,12111399.43
2015-03-30,2319.31,2332.6,2290.48,2266.85,12196593.0
2015-03-31,2294.32,2358.21,2335.17,2288.31,12866257.0
2015-04-01,2347.0,2407.49,2404.91,2345.75,12903991.0
2015-04-02,2434.76,2475.32,2475.32,2420.19,15562804.0
2015-04-03,2469.85,2515.57,2510.16,2460.94,14909877.0
2015-04-07,2530.07,2557.87,2556.7,2522.26,14980177.0
2015-04-08,2566.94,2568.09,2488.16,2442.82,16881039.0
2015-04-09,2481.69,2501.3,2496.49,2346.89,16435609.0
2015-04-10,2475.55,2567.68,2552.83,2457.82,13792206.0
2015-04-13,2558.19,2596.92,2577.78,2545.26,15415818.0
2015-04-14,2584.59,2593.7,2558.85,2539.94,14653230.0
2015-04-15,2548.99,2548.99,2441.74,2441.74,14275998.0
2015-04-16,2420.93,2532.3,2484.33,2407.85,12556890.0
2015-04-17,2507.47,2511.98,2463.99,2453.28,13950361.0
2015-04-20,2462.41,2493.2,2424.85,2411.34,14085498.0
2015-04-21,2443.12,2566.09,2566.09,2443.12,13370884.0
2015-04-22,2610.74,2655.37,2634.93,2610.74,15618091.0
2015-04-23,2656.18,2718.26,2706.19,2656.18,15689520.0
2015-04-24,2689.91,2747.62,2734.75,2672.2,14680573.0
2015-04-27,2781.6,2806.75,2747.5,2737.15,13642036.0
2015-04-28,2764.41,2779.2,2687.97,2650.43,14416597.0
2015-04-29,2693.48,2798.51,2797.52,2674.76,13890635.0
2015-04-30,2825.16,2918.75,2857.89,2825.16,15267242.0
2015-05-04,2868.1,2884.44,2845.25,2803.82,13214880.0
2015-05-05,2830.79,2845.71,2783.44,2753.87,11942582.0
2015-05-06,2806.3,2927.03,2846.56,2806.3,14806440.0
2015-05-07,2824.82,2879.68,2806.05,2801.47,12371650.0
2015-05-08,2838.97,2974.37,2973.6,2838.97,16931097.0
2015-05-11,3015.43,3150.49,3146.83,2991.33,21111859.0
2015-05-12,3176.54,3254.99,3250.3,3133.96,20718039.0
2015-05-13,3185.34,3271.18,3192.15,3123.92,19555483.0
2015-05-14,3174.45,3228.03,3141.59,3137.27,18214778.0
2015-05-15,3109.11,3176.11,3145.33,3059.86,16278742.0
2015-05-18,3178.37,3286.41,3278.48,3178.37,16579559.0
2015-05-19,3310.09,3340.42,3322.77,3206.78,16484612.0
2015-05-20,3339.17,3471.95,3406.28,3339.17,18483625.0
2015-05-21,3421.61,3531.84,3527.41,3421.45,17986736.0
2015-05-22,3594.59,3618.24,3516.63,3438.57,22957869.0
2015-05-25,3415.67,3499.53,3467.92,3370.84,17747191.0
2015-05-26,3471.79,3619.49,3618.23,3471.79,18796695.0
2015-05-27,3638.21,3662.98,3628.67,3546.58,19933554.0
2015-05-28,3618.34,3677.32,3432.98,3432.98,20439582.0
2015-05-29,3444.06,3595.17,3542.84,3328.46,17368776.0
2015-06-01,3580.08,3722.86,3718.75,3580.08,15686812.0
2015-06-02,3757.1,3912.48,3901.54,3756.09,18436131.0
2015-06-03,3949.28,4011.04,3982.25,3838.22,19103063.0
2015-06-04,3991.8,4015.2,3943.47,3695.83,18215643.0
2015-06-05,3994.44,4037.96,3885.83,3841.42,18124737.0
2015-06-08,3862.8,3862.8,3704.55,3643.03,17872656.0
2015-06-09,3664.37,3793.36,3705.54,3633.72,16251062.0
2015-06-10,3695.06,3876.85,3834.7,3676.76,17571078.0
2015-06-11,3843.98,3884.37,3862.14,3815.06,17807537.0
2015-06-12,3889.16,3922.7,3899.71,3850.59,17990346.0
2015-06-15,3919.36,3919.36,3696.03,3688.89,18918533.0
2015-06-16,3636.79,3669.82,3590.67,3475.35,18433278.0
2015-06-17,3586.37,3754.37,3741.36,3511.11,17017692.0
2015-06-18,3734.91,3752.18,3504.55,3497.73,15820255.0
2015-06-19,3408.53,3476.03,3314.98,3304.65,16048859.0
2015-06-23,3314.89,3397.27,3393.94,3154.6,16332555.0
2015-06-24,3425.57,3459.46,3383.4,3304.67,15831177.0
2015-06-25,3403.63,3408.23,3206.38,3172.37,15386743.0
2015-06-26,3078.4,3078.4,2920.7,2915.94,14602157.0
2015-06-29,2943.5,2950.13,2689.76,2663.44,16987213.0
2015-06-30,2566.02,2875.09,2858.61,2485.46,23935743.0
2015-07-01,2842.17,3008.19,2759.41,2743.61,23090569.0
2015-07-02,2756.25,2825.15,2649.32,2591.05,20405232.0
2015-07-03,2559.02,2788.76,2605.28,2458.28,22300357.0
2015-07-06,2795.67,2795.67,2493.83,2417.56,23671806.0
2015-07-07,2398.1,2415.68,2352.01,2350.97,9891903.0
2015-07-08,2304.76,2364.08,2364.05,2304.76,15828310.0
2015-07-09,2338.11,2435.75,2435.75,2338.11,9349042.0
2015-07-10,2487.39,2535.89,2535.89,2478.86,6957865.0
2015-07-13,2612.77,2683.07,2683.07,2592.2,11165850.0
2015-07-14,2725.04,2827.55,2726.05,2715.98,15534560.0
2015-07-15,2750.66,2750.66,2590.03,2583.46,22188240.0
2015-07-16,2526.65,2698.16,2627.08,2439.24,21895141.0
2015-07-17,2651.44,2805.8,2783.32,2646.5,20353927.0
2015-07-20,2820.72,2907.15,2848.3,2777.91,24973319.0
2015-07-21,2802.02,2917.41,2882.9,2779.53,20576327.0
2015-07-22,2882.06,2932.06,2897.37,2828.45,21116863.0
2015-07-23,2896.25,2969.35,2967.95,2864.43,20453251.0
2015-07-24,2976.94,3014.18,2897.82,2879.26,22685881.0
2015-07-27,2822.37,2924.08,2683.45,2683.05,23062916.0
2015-07-28,2546.41,2705.18,2581.96,2492.19,25486582.0
2015-07-29,2617.94,2693.99,2693.86,2483.92,23028010.0
2015-07-30,2671.46,2707.76,2561.19,2556.09,20107766.0
2015-07-31,2507.26,2605.34,2539.84,2499.25,16712346.0
2015-08-03,2475.33,2494.8,2399.27,2371.48,18499053.0
2015-08-04,2396.41,2546.16,2546.16,2380.28,17577913.0
2015-08-05,2542.27,2584.19,2502.04,2480.45,18245428.0
2015-08-06,2441.96,2517.99,2480.93,2430.53,12142613.0
2015-08-07,2509.96,2586.53,2576.99,2505.27,15553369.0
2015-08-10,2606.74,2726.9,2706.72,2593.41,18239544.0
2015-08-11,2705.04,2747.83,2698.91,2675.15,18026769.0
2015-08-12,2658.84,2700.4,2622.19,2622.19,13864486.0
2015-08-13,2608.74,2684.26,2684.26,2578.91,13616737.0
2015-08-14,2713.78,2725.47,2674.02,2664.42,15087068.0
2015-08-17,2665.37,2676.72,2666.29,2613.78,13488686.0
2015-08-18,2674.42,2720.57,2504.17,2488.61,19159772.0
2015-08-19,2427.94,2584.36,2570.69,2359.17,16762195.0
2015-08-20,2556.77,2610.9,2508.82,2508.35,14996964.0
2015-08-21,2452.61,2480.68,2341.95,2340.92,13140844.0
2015-08-24,2222.54,2246.55,2152.61,2152.61,9725533.0
2015-08-25,1996.04,2048.03,1990.71,1987.12,12050757.0
2015-08-26,1975.92,2044.66,1890.04,1875.03,19339682.0
2015-08-27,1924.78,1959.98,1959.49,1843.19,17904960.0
2015-08-28,1990.34,2086.87,2082.12,1960.39,19047124.0
2015-08-31,2056.29,2058.85,1996.86,1987.58,14476517.0
2015-09-01,1959.45,1959.45,1889.49,1877.36,14093048.0
2015-09-02,1787.71,1953.91,1855.03,1779.18,17259359.0
2015-09-07,1882.86,1953.4,1893.52,1878.26,16568996.0
2015-09-08,1875.67,2004.81,2001.16,1859.2,15813931.0
2015-09-09,2023.31,2102.23,2071.72,2017.1,22026872.0
2015-09-10,2030.03,2078.42,2039.12,2024.89,14392332.0
2015-09-11,2039.01,2084.05,2060.5,2029.81,12532679.0
2015-09-14,2068.2,2075.67,1906.21,1905.2,12874799.0
2015-09-15,1843.23,1892.81,1797.56,1794.29,12642825.0
2015-09-16,1813.73,1928.78,1926.24,1808.75,13649237.0
2015-09-17,1943.29,2020.55,1933.3,1922.8,17974047.0
2015-09-18,1948.12,1995.5,1983.3,1922.14,14501812.0
2015-09-21,1950.33,2080.22,2079.06,1945.35,17143501.0
2015-09-22,2082.34,2108.56,2078.72,2042.13,18312347.0
2015-09-23,2039.49,2103.22,2077.99,2036.06,14922605.0
2015-09-24,2090.56,2130.47,2106.59,2084.31,17553473.0
2015-09-25,2091.85,2106.95,2020.97,2002.45,15507784.0
2015-09-28,2024.89,2124.06,2122.26,2007.92,14308872.0
2015-09-29,2089.54,2135.51,2098.57,2075.97,15204186.0
2015-09-30,2111.99,2124.29,2082.67,2049.43,11351639.0
2015-10-08,2153.12,2210.03,2190.31,2138.54,16881107.0
2015-10-09,2190.84,2230.03,2216.66,2184.55,17107822.0
2015-10-12,2233.6,2344.21,2316.78,2232.27,21355823.0
2015-10-13,2297.93,2351.52,2342.04,2290.64,17896283.0
2015-10-14,2330.08,2350.59,2305.0,2295.6,17811336.0
2015-10-15,2300.62,2406.21,2404.53,2296.79,21002799.0
2015-10-16,2424.62,2452.94,2449.03,2401.09,22128934.0
2015-10-19,2465.11,2466.48,2433.6,2398.34,20147793.0
2015-10-20,2430.18,2520.08,2511.16,2427.78,21095374.0
2015-10-21,2504.78,2527.77,2344.74,2335.66,26526039.0
2015-10-22,2355.16,2465.1,2458.14,2355.16,22092727.0
2015-10-23,2488.31,2549.76,2538.38,2461.49,25269488.0
2015-10-26,2570.13,2570.13,2527.48,2481.59,24660639.0
2015-10-27,2497.16,2586.95,2563.96,2423.6,20936166.0
2015-10-28,2551.7,2583.82,2485.24,2473.47,19012051.0
2015-10-29,2504.85,2528.7,2485.28,2436.78,14051444.0
2015-10-30,2475.23,2534.47,2478.28,2439.16,17408714.0
2015-11-02,2416.1,2513.32,2432.04,2408.78,15840041.0
2015-11-03,2444.05,2461.33,2429.27,2407.55,13646596.0
2015-11-04,2451.23,2584.32,2584.32,2451.23,22827965.0
2015-11-05,2587.82,2630.83,2564.72,2542.85,25809207.0
2015-11-06,2571.66,2666.4,2661.41,2571.66,24149369.0
2015-11-09,2653.31,2747.79,2724.62,2612.26,25798448.0
2015-11-10,2710.9,2783.12,2746.61,2700.29,24161190.0
2015-11-11,2738.58,2806.54,2804.68,2730.52,27655097.0
2015-11-12,2818.57,2827.71,2783.3,2743.26,28310939.0
2015-11-13,2751.39,2772.81,2710.16,2681.61,25001146.0
2015-11-16,2656.57,2797.16,2797.16,2654.64,20974444.0
2015-11-17,2834.98,2847.9,2717.05,2711.58,28119738.0
2015-11-18,2727.61,2741.33,2661.17,2655.06,19646365.0
2015-11-19,2678.35,2770.75,2770.75,2676.75,22563937.0
2015-11-20,2783.04,2817.96,2800.15,2757.84,28888696.0
2015-11-23,2797.12,2839.84,2770.58,2759.31,25839668.0
2015-11-24,2767.72,2816.05,2816.05,2739.52,19467264.0
2015-11-25,2813.51,2906.8,2897.57,2806.82,24705878.0
2015-11-26,2911.85,2915.95,2833.2,2831.38,23759483.0
2015-11-27,2819.36,2844.05,2649.55,2629.12,24403851.0
2015-11-30,2658.97,2687.05,2672.58,2507.38,22206195.0
2015-12-01,2669.3,2700.35,2655.34,2621.17,17104021.0
2015-12-02,2653.24,2660.11,2613.26,2525.34,15900285.0
2015-12-03,2622.49,2710.81,2708.12,2622.49,17065282.0
2015-12-04,2702.56,2749.18,2692.16,2679.35,17844633.0
2015-12-07,2699.34,2751.24,2738.15,2687.02,16420046.0
2015-12-08,2723.62,2731.72,2691.66,2678.66,18705171.0
2015-12-09,2677.59,2699.64,2667.91,2650.45,16154545.0
2015-12-10,2665.27,2729.24,2695.51,2663.37,16327733.0
2015-12-11,2686.3,2701.69,2671.29,2666.89,13643432.0
2015-12-14,2642.82,2709.26,2709.26,2622.47,13383006.0
2015-12-15,2718.25,2764.79,2745.7,2718.25,14459220.0
2015-12-16,2760.26,2789.28,2763.11,2749.79,15083848.0
2015-12-17,2784.97,2835.7,2835.7,2784.97,20055959.0
2015-12-18,2836.92,2850.69,2830.26,2801.64,17824894.0
2015-12-21,2825.31,2836.61,2829.92,2800.35,14937293.0
2015-12-22,2836.96,2849.36,2839.85,2811.61,13134517.0
2015-12-23,2845.43,2848.83,2783.94,2779.93,16247176.0
2015-12-24,2775.98,2801.56,2795.78,2735.97,13241041.0
2015-12-25,2807.51,2820.53,2794.73,2777.46,12162058.0
2015-12-28,2809.52,2823.75,2735.49,2735.49,15497676.0
2015-12-29,2732.55,2749.82,2749.82,2710.2,12769369.0
2015-12-30,2758.25,2781.84,2779.51,2749.29,13512855.0
2015-12-31,2780.54,2785.66,2714.05,2713.69,12958631.0
2016-01-04,2706.27,2710.3,2491.27,2490.47,12240174.0
2016-01-05,2353.23,2481.2,2416.73,2333.61,18289330.0
2016-01-06,2433.36,2472.19,2468.37,2388.69,14194459.0
2016-01-07,2415.33,2415.33,2256.52,2254.5,3875525.0
2016-01-08,2297.59,2318.12,2248.99,2142.33,16502293.0
2016-01-11,2188.19,2230.42,2106.36,2105.77,15208926.0
2016-01-12,2117.25,2179.09,2147.53,2087.27,14396596.0
2016-01-13,2160.32,2174.23,2059.78,2059.78,12465368.0
2016-01-14,1991.23,2179.38,2175.01,1989.86,15648666.0
2016-01-15,2160.17,2184.56,2112.9,2096.19,15910294.0
2016-01-18,2074.86,2206.83,2174.93,2074.86,16267626.0
2016-01-19,2170.09,2244.78,2241.7,2148.72,17700322.0
2016-01-20,2222.6,2249.35,2204.65,2190.5,15451188.0
2016-01-21,2173.31,2241.47,2112.4,2112.4,14945202.0
2016-01-22,2140.28,2161.24,2149.59,2078.12,13609891.0
2016-01-25,2165.73,2185.21,2158.82,2136.88,11334177.0
2016-01-26,2132.22,2135.56,1994.05,1990.51,13385707.0
2016-01-27,1997.32,2012.3,1997.46,1888.25,15926521.0
2016-01-28,1969.31,1990.92,1906.46,1900.88,11454203.0
2016-01-29,1908.26,2011.06,1994.06,1907.29,12809874.0
2016-02-01,1989.21,2011.68,1992.69,1956.92,11156089.0
2016-02-02,1996.59,2089.21,2075.29,1996.59,13287649.0
2016-02-03,2049.32,2105.38,2090.51,2034.6,12089846.0
2016-02-04,2095.62,2142.87,2126.64,2095.62,13143008.0
2016-02-05,2127.35,2141.56,2096.99,2096.99,9064702.0
2016-02-15,2029.56,2130.36,2116.84,2029.56,10100667.0
2016-02-16,2128.06,2208.57,2201.93,2128.06,13912171.0
2016-02-17,2197.93,2219.78,2215.34,2171.0,14618497.0
2016-02-18,2230.8,2239.91,2190.91,2188.19,14019500.0
2016-02-19,2186.01,2230.22,2211.01,2182.96,13407241.0
2016-02-22,2235.17,2245.56,2245.56,2216.16,15090614.0
2016-02-23,2245.75,2249.69,2218.12,2189.53,13926609.0
2016-02-24,2212.59,2230.01,2203.74,2154.27,12884021.0
2016-02-25,2198.93,2198.93,2037.14,2030.42,15298955.0
2016-02-26,2045.51,2057.8,2014.92,1980.17,12366693.0
2016-02-29,2000.57,2000.57,1880.15,1866.25,13247568.0
2016-03-01,1881.32,1952.43,1934.92,1841.22,13456661.0
2016-03-02,1930.84,2022.86,2017.6,1925.02,16949154.0
2016-03-03,2014.18,2063.53,2007.08,2006.71,16805473.0
2016-03-04,1994.06,2003.69,1907.04,1895.4,15220975.0
2016-03-07,1935.09,1995.94,1953.33,1935.09,11623160.0
2016-03-08,1944.65,2002.19,2002.19,1865.65,15627421.0
2016-03-09,1962.28,2015.71,1970.81,1947.05,13303672.0
2016-03-10,1968.77,1991.36,1936.97,1935.12,10508018.0
2016-03-11,1911.32,1948.6,1934.87,1903.92,8487655.0
2016-03-14,1962.1,2048.5,2023.13,1962.1,16134405.0
2016-03-15,2016.81,2034.7,1996.92,1995.46,12167059.0
2016-03-16,2029.92,2039.49,1977.54,1961.42,12220455.0
2016-03-17,1986.14,2089.14,2087.29,1986.14,21074139.0
2016-03-18,2102.19,2194.35,2177.87,2102.08,25596839.0
2016-03-21,2214.91,2234.35,2227.03,2191.66,25540998.0
2016-03-22,2201.19,2248.19,2221.7,2189.94,21060006.0
2016-03-23,2214.87,2259.11,2259.11,2205.07,19052794.0
2016-03-24,2234.22,2277.92,2219.77,2217.84,21400929.0
2016-03-25,2209.26,2232.07,2216.09,2183.6,15154009.0
2016-03-28,2233.13,2259.13,2199.69,2192.35,16260472.0
2016-03-29,2190.88,2194.89,2152.55,2130.85,14170516.0
2016-03-30,2172.74,2248.78,2248.78,2172.74,17405975.0
2016-03-31,2256.43,2271.96,2238.29,2232.3,18124976.0
2016-04-01,2223.38,2227.0,2205.37,2171.34,15701246.0
2016-04-05,2207.46,2285.2,2279.52,2205.44,19764938.0
2016-04-06,2274.77,2305.41,2297.04,2271.5,20912036.0
2016-04-07,2310.92,2316.63,2248.68,2248.68,20302345.0
2016-04-08,2230.95,2239.8,2229.93,2194.23,17946971.0
2016-04-11,2255.07,2301.41,2283.14,2255.07,19946625.0
2016-04-12,2283.21,2289.54,2264.02,2236.44,17078210.0
2016-04-13,2278.52,2330.05,2294.01,2278.52,21776634.0
2016-04-14,2310.6,2325.38,2324.39,2289.57,18334978.0
2016-04-15,2328.31,2328.31,2309.68,2297.68,14526977.0
2016-04-18,2288.42,2288.42,2265.59,2249.34,14309772.0
2016-04-19,2278.31,2289.05,2272.52,2253.59,13004320.0
2016-04-20,2279.76,2284.1,2145.24,2119.42,21667036.0
2016-04-21,2135.93,2160.26,2110.16,2106.97,12784062.0
2016-04-22,2093.78,2136.92,2136.92,2090.95,10471911.0
2016-04-25,2128.66,2130.06,2126.83,2083.64,9557990.0
2016-04-26,2123.87,2155.7,2155.7,2119.38,8911518.0
2016-04-27,2162.76,2176.33,2146.61,2142.46,10479199.0
2016-04-28,2149.1,2158.49,2155.23,2108.27,10123270.0
2016-04-29,2141.58,2162.19,2138.74,2138.74,8024639.0
2016-05-03,2138.96,2217.23,2217.23,2126.87,14551231.0
2016-05-04,2210.13,2233.59,2211.02,2206.26,13671722.0
2016-05-05,2208.4,2226.55,2224.09,2198.76,10800328.0
2016-05-06,2226.44,2235.96,2129.19,2129.19,16054793.0
2016-05-09,2107.33,2107.33,2053.6,2045.12,12230330.0
2016-05-10,2051.38,2067.62,2054.22,2044.28,7658732.0
2016-05-11,2067.69,2073.83,2034.93,2032.3,9382617.0
2016-05-12,2006.26,2039.32,2034.56,1975.06,9177545.0
2016-05-13,2030.94,2058.66,2025.22,2013.86,8301000.0
2016-05-16,2017.84,2057.86,2057.86,2008.54,9415721.0
2016-05-17,2059.51,2107.73,2081.44,2036.88,13540442.0
2016-05-18,2062.81,2062.81,2020.47,2000.53,12268130.0
2016-05-19,2023.96,2076.48,2037.4,2023.96,12323461.0
2016-05-20,2018.38,2065.3,2065.3,2013.53,10424853.0
2016-05-23,2073.0,2107.05,2098.23,2073.0,13928264.0
2016-05-24,2094.21,2094.21,2075.51,2061.52,12318602.0
2016-05-25,2091.97,2111.26,2067.25,2062.64,13310049.0
2016-05-26,2060.43,2086.49,2086.01,2019.3,13415969.0
2016-05-27,2076.3,2090.17,2069.89,2065.37,11795698.0
2016-05-30,2054.62,2083.83,2058.52,2033.67,10960379.0
2016-05-31,2061.84,2160.53,2159.8,2060.14,21485082.0
2016-06-01,2164.73,2188.88,2168.82,2163.05,20189498.0
2016-06-02,2163.59,2188.56,2188.56,2160.25,16283821.0
2016-06-03,2176.36,2236.58,2204.97,2175.81,22973700.0
2016-06-06,2212.46,2219.27,2199.3,2181.99,16256231.0
2016-06-07,2202.04,2204.18,2196.73,2181.29,14432062.0
2016-06-08,2191.27,2201.53,2186.54,2166.97,15083478.0
2016-06-13,2150.39,2165.28,2054.71,2054.71,18354659.0
2016-06-14,2045.21,2070.15,2058.31,2032.44,12691213.0
2016-06-15,2033.6,2143.45,2128.8,2031.67,17777760.0
2016-06-16,2124.16,2137.18,2101.42,2097.35,17067785.0
2016-06-17,2109.57,2154.52,2122.89,2105.24,15627913.0
2016-06-20,2117.99,2127.68,2119.63,2088.29,11924627.0
2016-06-21,2135.46,2153.23,2092.0,2083.69,16048069.0
2016-06-22,2085.98,2144.82,2144.82,2085.65,14222178.0
2016-06-23,2144.58,2153.58,2137.49,2115.84,16837015.0
2016-06-24,2131.15,2157.94,2127.36,2060.2,19922672.0
2016-06-27,2111.1,2194.13,2191.81,2110.6,21030922.0
2016-06-28,2181.41,2221.46,2216.71,2173.53,23215990.0
2016-06-29,2228.51,2238.35,2209.79,2203.49,18443876.0
2016-06-30,2213.6,2233.28,2227.79,2206.8,17941508.0
2016-07-01,2231.18,2241.63,2211.18,2203.93,14668383.0
2016-07-04,2195.62,2254.15,2248.71,2193.84,17784634.0
2016-07-05,2253.69,2259.29,2246.02,2229.0,16139170.0
2016-07-06,2239.76,2246.73,2241.56,2229.27,13738409.0
2016-07-07,2240.9,2247.58,2233.92,2212.41,16795981.0
2016-07-08,2231.97,2257.32,2239.0,2220.21,15557363.0
2016-07-11,2242.26,2252.66,2218.59,2216.57,16477804.0
2016-07-12,2218.02,2247.35,2247.35,2182.03,18671280.0
2016-07-13,2258.26,2299.86,2285.37,2250.64,23655174.0
2016-07-14,2282.16,2295.59,2293.08,2273.42,20113199.0
2016-07-15,2289.1,2293.08,2263.78,2260.16,17670910.0
2016-07-18,2257.42,2268.79,2249.87,2234.21,14307801.0
2016-07-19,2249.74,2273.72,2273.72,2237.0,15279340.0
2016-07-20,2272.64,2288.65,2268.53,2268.53,14955571.0
2016-07-21,2266.08,2289.67,2265.13,2259.2,14547039.0
2016-07-22,2262.1,2269.55,2250.0,2248.3,13498454.0
2016-07-25,2245.86,2264.44,2245.89,2235.45,12398386.0
2016-07-26,2245.94,2279.55,2279.55,2245.94,12447831.0
2016-07-27,2282.07,2284.28,2155.39,2138.78,22255143.0
2016-07-28,2150.32,2166.6,2139.74,2109.87,14281276.0
2016-07-29,2144.27,2147.19,2122.41,2109.13,10217499.0
2016-08-01,2113.67,2118.09,2099.18,2066.18,11030561.0
2016-08-02,2096.55,2114.95,2113.21,2094.12,7552175.0
2016-08-03,2110.23,2117.62,2108.31,2096.73,7799222.0
2016-08-04,2107.62,2133.18,2129.65,2102.27,9103905.0
2016-08-05,2128.74,2129.33,2109.05,2107.44,8018038.0
2016-08-08,2102.24,2130.59,2130.59,2083.98,8364470.0
2016-08-09,2128.64,2154.5,2154.5,2128.22,10306897.0
2016-08-10,2155.39,2164.62,2137.0,2136.83,9273979.0
2016-08-11,2134.6,2139.2,2103.4,2103.4,8555220.0
2016-08-12,2098.77,2123.86,2123.84,2097.91,7408592.0
2016-08-15,2126.79,2200.92,2193.21,2112.25,17899444.0
2016-08-16,2195.02,2211.01,2201.1,2192.97,14031463.0
2016-08-17,2200.24,2218.29,2208.2,2195.37,12322147.0
2016-08-18,2204.95,2213.3,2201.59,2191.93,12230952.0
2016-08-19,2200.68,2211.06,2204.56,2194.11,10110201.0
2016-08-22,2205.57,2213.41,2167.4,2167.4,11157702.0
2016-08-23,2168.34,2186.74,2174.16,2160.3,8888141.0
2016-08-24,2178.53,2204.8,2192.17,2176.35,11938671.0
2016-08-25,2179.01,2183.73,2180.66,2152.11,12363500.0
2016-08-26,2186.0,2211.63,2189.75,2182.11,12324770.0
2016-08-29,2187.72,2209.25,2193.2,2183.81,10617016.0
2016-08-30,2197.49,2210.4,2195.53,2193.07,9195771.0
2016-08-31,2194.61,2198.25,2191.76,2175.84,8950788.0
2016-09-01,2192.94,2201.28,2181.33,2181.33,9310263.0
2016-09-02,2176.39,2187.69,2170.86,2160.11,10194717.0
2016-09-05,2178.63,2199.65,2182.69,2178.09,8786130.0
2016-09-06,2183.23,2225.25,2222.84,2161.93,12993775.0
2016-09-07,2223.02,2232.12,2212.05,2208.83,12095709.0
2016-09-08,2211.39,2223.47,2223.47,2207.11,9526196.0
2016-09-09,2223.58,2228.54,2202.97,2202.97,10852276.0
2016-09-12,2163.45,2179.98,2145.56,2145.03,12429362.0
2016-09-13,2157.95,2165.58,2145.87,2139.34,8441238.0
2016-09-14,2137.4,2156.98,2144.56,2131.71,8118338.0
2016-09-19,2149.37,2174.4,2165.21,2149.37,7122703.0
2016-09-20,2164.42,2167.64,2158.43,2153.94,6226382.0
2016-09-21,2158.06,2170.08,2162.13,2157.38,6833986.0
2016-09-22,2174.3,2178.53,2168.42,2166.61,7425830.0
2016-09-23,2171.63,2173.49,2156.51,2156.04,7139096.0
2016-09-26,2154.4,2161.76,2122.9,2122.9,8670568.0
2016-09-27,2118.95,2140.8,2140.8,2112.7,7277514.0
2016-09-28,2143.72,2143.72,2139.63,2132.55,6509292.0
2016-09-29,2141.34,2155.42,2146.18,2140.98,6285021.0
2016-09-30,2144.47,2154.4,2149.9,2143.34,5640391.0
2016-10-10,2165.85,2208.47,2208.47,2163.41,10937795.0
2016-10-11,2207.43,2210.86,2210.86,2201.31,8803487.0
2016-10-12,2202.36,2216.52,2209.69,2198.89,9728405.0
2016-10-13,2211.75,2216.09,2208.57,2200.52,9113846.0
2016-10-14,2203.87,2203.87,2194.23,2178.91,9080538.0
2016-10-17,2199.18,2200.47,2167.86,2160.0,9532774.0
2016-10-18,2164.6,2198.14,2198.14,2164.6,9628962.0
2016-10-19,2200.53,2201.16,2184.91,2180.47,9622045.0
2016-10-20,2187.41,2199.06,2193.26,2184.35,9644504.0
2016-10-21,2196.85,2202.49,2181.0,2167.83,11446980.0
2016-10-24,2184.11,2204.36,2200.8,2176.92,11116745.0
2016-10-25,2202.79,2207.81,2200.21,2196.57,9560979.0
2016-10-26,2203.48,2204.84,2184.49,2179.76,11389605.0
2016-10-27,2182.91,2184.32,2182.48,2171.24,9341353.0
2016-10-28,2182.56,2192.9,2165.43,2165.03,10451183.0
2016-10-31,2158.57,2162.67,2159.76,2145.57,9005060.0
2016-11-01,2160.39,2177.83,2176.45,2159.71,8764775.0
2016-11-02,2170.81,2171.66,2146.4,2145.07,11109391.0
2016-11-03,2137.13,2167.93,2153.18,2135.28,11358573.0
2016-11-04,2151.92,2168.34,2145.23,2142.41,10557940.0
2016-11-07,2141.3,2145.82,2130.3,2126.95,9291182.0
2016-11-08,2138.45,2154.57,2150.3,2136.25,8908701.0
2016-11-09,2150.62,2154.85,2123.84,2098.56,11208038.0
2016-11-10,2143.56,2149.09,2143.32,2138.94,9005558.0
2016-11-11,2143.58,2147.11,2147.11,2125.49,12340071.0
2016-11-14,2146.83,2175.25,2161.69,2146.83,13823940.0
2016-11-15,2161.57,2179.3,2179.3,2152.38,13591229.0
2016-11-16,2187.5,2208.98,2182.47,2182.12,15704867.0
2016-11-17,2176.12,2176.12,2163.04,2157.54,9344910.0
2016-11-18,2164.71,2170.79,2157.96,2155.23,7756542.0
2016-11-21,2156.46,2162.37,2152.6,2147.05,8475311.0
2016-11-22,2156.52,2177.65,2177.65,2146.62,11125462.0
2016-11-23,2182.1,2191.26,2165.71,2163.0,15096671.0
2016-11-24,2159.61,2172.18,2146.63,2142.95,10549007.0
2016-11-25,2145.97,2167.53,2167.53,2123.74,13608575.0
2016-11-28,2172.97,2175.51,2166.04,2159.73,11846432.0
2016-11-29,2161.78,2178.19,2160.35,2153.72,14617536.0
2016-11-30,2157.54,2201.55,2183.05,2155.24,17791660.0
2016-12-01,2181.73,2188.09,2181.93,2175.5,12156105.0
2016-12-02,2180.39,2186.69,2143.45,2143.21,13119150.0
2016-12-05,2129.25,2162.3,2143.88,2124.75,10282946.0
2016-12-06,2149.75,2156.69,2122.26,2121.25,9733745.0
2016-12-07,2123.55,2134.99,2134.99,2116.54,8294181.0
2016-12-08,2135.79,2136.26,2114.71,2114.04,9250664.0
2016-12-09,2114.45,2118.63,2099.89,2097.09,10182685.0
2016-12-12,2095.58,2096.4,1984.39,1981.17,16139221.0
2016-12-13,1982.08,1995.35,1985.04,1961.91,9784018.0
2016-12-14,1982.98,1988.46,1963.08,1958.04,8414288.0
2016-12-15,1957.71,1991.32,1975.85,1956.55,8835405.0
2016-12-16,1977.86,2005.28,1998.11,1972.22,7731468.0
2016-12-19,1995.0,1995.0,1980.41,1976.77,6291467.0
2016-12-20,1981.69,1989.99,1982.3,1974.93,5939141.0
2016-12-21,1987.76,1996.1,1991.7,1985.05,6043199.0
2016-12-22,1993.04,1993.04,1986.27,1978.74,5820064.0
2016-12-23,1987.73,1992.21,1964.54,1964.23,7195153.0
2016-12-26,1959.19,1974.01,1974.01,1933.52,7708427.0
2016-12-27,1972.51,1977.31,1968.62,1968.57,6347849.0
2016-12-28,1968.15,1971.51,1957.15,1954.96,6005749.0
2016-12-29,1956.72,1971.94,1959.24,1955.62,6759930.0
2016-12-30,1961.22,1964.7,1962.06,1952.68,7256585.0
2017-01-03,1965.04,1971.91,1963.26,1959.14,7327996.0
2017-01-04,1963.02,1992.76,1991.57,1959.57,9966839.0
2017-01-05,1990.7,1993.71,1983.97,1983.84,7664510.0
2017-01-06,1980.84,1982.4,1965.03,1963.32,7968772.0
2017-01-09,1962.2,1968.87,1961.62,1951.49,7127300.0
2017-01-10,1960.1,1967.47,1951.68,1951.18,6318582.0
2017-01-11,1947.42,1959.3,1937.55,1932.46,7140994.0
2017-01-12,1935.52,1946.59,1930.14,1929.05,6744843.0
2017-01-13,1930.11,1934.48,1899.94,1899.11,7458726.0
2017-01-16,1897.45,1897.82,1830.85,1783.74,11832231.0
2017-01-17,1824.1,1875.8,1867.87,1805.39,10685369.0
2017-01-18,1860.24,1862.83,1845.79,1845.57,7120459.0
2017-01-19,1842.66,1853.11,1844.14,1833.5,5259778.0
2017-01-20,1844.37,1892.36,1880.75,1842.62,9893890.0
2017-01-23,1879.97,1897.1,1887.32,1879.71,7235846.0
2017-01-24,1885.24,1885.95,1861.22,1859.71,7576958.0
2017-01-25,1857.32,1874.63,1870.7,1856.22,5672933.0
2017-01-26,1872.14,1887.67,1886.23,1872.14,6104147.0
2017-02-03,1886.97,1888.81,1876.76,1872.7,5384174.0
2017-02-06,1877.14,1903.33,1900.45,1874.71,6581493.0
2017-02-07,1897.87,1900.35,1889.13,1881.73,6329100.0
2017-02-08,1887.34,1903.63,1903.63,1881.14,7381155.0
2017-02-09,1903.67,1916.41,1914.08,1901.88,8668233.0
2017-02-10,1913.23,1915.43,1904.68,1900.71,8299373.0
2017-02-13,1902.46,1919.2,1913.68,1894.15,8643653.0
2017-02-14,1914.14,1918.79,1909.4,1906.41,7436229.0
2017-02-15,1911.04,1920.29,1892.36,1890.09,8416103.0
2017-02-16,1891.87,1900.97,1897.63,1886.41,6811759.0
2017-02-17,1896.7,1904.87,1882.87,1881.0,7762939.0
2017-02-20,1884.99,1894.96,1894.96,1876.67,7227233.0
2017-02-21,1896.86,1924.03,1921.08,1895.43,10336038.0
2017-02-22,1921.55,1925.3,1919.97,1909.12,8582111.0
2017-02-23,1919.24,1925.95,1925.95,1906.81,9231558.0
2017-02-24,1925.1,1939.39,1938.44,1921.3,10466619.0
2017-02-27,1937.56,1943.98,1926.77,1923.53,9418535.0
2017-02-28,1926.14,1931.82,1927.16,1918.32,7828431.0
2017-03-01,1925.7,1938.68,1931.97,1923.75,8144560.0
2017-03-02,1936.08,1937.9,1920.4,1919.74,7851702.0
2017-03-03,1916.2,1932.21,1928.29,1908.32,8173117.0
2017-03-06,1931.62,1962.77,1962.77,1931.62,11658066.0
2017-03-07,1967.18,1977.85,1977.85,1957.29,11318843.0
2017-03-08,1976.85,1976.85,1964.63,1960.07,9326276.0
2017-03-09,1962.64,1962.64,1953.94,1948.79,9738059.0
2017-03-10,1952.5,1957.71,1950.01,1945.57,7840181.0
2017-03-13,1948.52,1972.08,1970.88,1939.03,10016149.0
2017-03-14,1967.47,1970.48,1958.02,1952.1,10852573.0
2017-03-15,1951.71,1964.43,1957.82,1943.61,10108027.0
2017-03-16,1959.05,1968.43,1966.73,1959.05,9717051.0
2017-03-17,1968.15,1981.69,1949.66,1949.35,11771272.0
2017-03-20,1948.6,1953.82,1953.82,1939.65,8688772.0
2017-03-21,1953.56,1961.65,1961.06,1948.89,7760561.0
2017-03-22,1952.8,1959.71,1948.58,1939.29,9551362.0
2017-03-23,1951.87,1960.34,1948.37,1930.44,9361952.0
2017-03-24,1948.27,1966.42,1965.14,1946.12,9011715.0
2017-03-27,1964.62,1967.11,1947.53,1947.53,8137264.0
2017-03-28,1946.33,1953.24,1944.36,1940.38,6893334.0
2017-03-29,1945.14,1948.72,1929.2,1926.6,8792451.0
2017-03-30,1924.51,1926.53,1893.7,1893.3,10451321.0
2017-03-31,1895.81,1908.53,1907.34,1895.81,7486344.0
2017-04-05,1914.91,1943.43,1943.16,1914.91,11149456.0
2017-04-06,1947.09,1951.23,1944.23,1939.37,10607317.0
2017-04-07,1942.11,1953.57,1946.05,1939.32,12539154.0
2017-04-10,1940.3,1940.3,1912.45,1911.11,14345232.0
2017-04-11,1907.1,1920.78,1917.63,1887.89,14962422.0
2017-04-12,1913.78,1915.02,1897.51,1896.85,11350367.0
2017-04-13,1896.49,1920.23,1910.48,1896.49,9096025.0
2017-04-14,1910.99,1910.99,1887.46,1887.35,9807470.0
2017-04-17,1880.77,1886.61,1868.28,1862.36,8968460.0
2017-04-18,1867.58,1878.1,1848.2,1847.2,8955024.0
2017-04-19,1841.6,1845.64,1845.38,1812.39,11049253.0
2017-04-20,1843.97,1856.73,1850.39,1836.44,9189912.0
2017-04-21,1849.28,1863.58,1839.01,1836.52,8098537.0
2017-04-24,1832.82,1832.82,1809.91,1796.36,8801702.0
2017-04-25,1809.56,1829.26,1818.87,1807.67,8494366.0
2017-04-26,1812.86,1822.12,1820.48,1811.04,9176560.0
2017-04-27,1815.11,1847.93,1842.92,1794.4,14644033.0
2017-04-28,1838.74,1856.4,1850.73,1834.43,10288378.0
2017-05-02,1849.22,1855.34,1850.85,1843.83,8958465.0
2017-05-03,1848.71,1854.68,1840.45,1832.56,9368098.0
2017-05-04,1838.71,1858.56,1838.1,1828.63,10754475.0
2017-05-05,1832.68,1839.65,1818.19,1818.19,9445329.0
2017-05-08,1814.1,1825.76,1788.71,1788.71,10557521.0
2017-05-09,1780.52,1803.21,1802.49,1770.59,9556775.0
2017-05-10,1801.78,1815.83,1771.32,1771.32,10187825.0
2017-05-11,1761.47,1772.47,1772.41,1727.58,11606357.0
2017-05-12,1768.3,1774.9,1774.63,1750.4,9025548.0
2017-05-15,1778.18,1788.56,1778.64,1776.01,8308693.0
2017-05-16,1774.39,1814.94,1814.94,1764.29,12049284.0
2017-05-17,1812.71,1833.87,1822.64,1810.21,14410051.0
2017-05-18,1807.18,1827.78,1813.51,1803.86,11482763.0
2017-05-19,1812.73,1815.81,1801.08,1793.04,8676714.0
2017-05-22,1798.56,1814.41,1788.08,1779.47,9331071.0
2017-05-23,1784.53,1790.11,1758.23,1757.37,10680208.0
2017-05-24,1749.16,1776.44,1776.28,1730.36,9673604.0
2017-05-25,1770.65,1785.67,1777.69,1745.23,11326976.0
2017-05-26,1769.12,1772.93,1759.63,1754.77,9823247.0
2017-05-31,1777.65,1783.15,1763.73,1762.08,10782038.0
2017-06-01,1757.8,1757.89,1728.49,1728.49,9686559.0
2017-06-02,1721.4,1754.21,1745.93,1711.82,10393653.0
2017-06-05,1747.53,1767.29,1761.25,1747.53,10025840.0
2017-06-06,1759.29,1773.07,1766.39,1758.32,8251101.0
2017-06-07,1764.96,1802.52,1799.85,1762.73,13000078.0
2017-06-08,1798.69,1804.66,1794.75,1792.1,10467178.0
2017-06-09,1793.65,1797.64,1796.13,1782.18,8828816.0
2017-06-12,1787.56,1787.56,1775.55,1773.53,8169238.0
2017-06-13,1773.01,1800.2,1795.63,1771.85,9328354.0
2017-06-14,1794.04,1798.2,1790.64,1787.06,9764440.0
2017-06-15,1788.81,1823.42,1816.26,1788.43,15461795.0
2017-06-16,1816.16,1819.1,1810.05,1809.48,11577998.0
2017-06-19,1809.51,1817.5,1816.4,1805.88,8995978.0
2017-06-20,1818.69,1833.94,1820.98,1818.69,12275102.0
2017-06-21,1827.89,1829.4,1824.69,1810.04,12795547.0
2017-06-22,1821.84,1828.8,1798.38,1798.38,12056857.0
2017-06-23,1794.5,1807.43,1807.43,1776.6,10933763.0
2017-06-26,1805.88,1821.28,1821.28,1801.21,9830731.0
2017-06-27,1821.37,1830.22,1819.93,1816.66,9245740.0
2017-06-28,1817.43,1818.11,1808.2,1802.38,9118170.0
2017-06-29,1808.29,1822.82,1813.55,1807.62,10193238.0
2017-06-30,1808.08,1819.88,1818.07,1802.61,8971234.0
2017-07-03,1818.2,1836.49,1835.99,1816.03,14004246.0
2017-07-04,1833.89,1834.24,1829.51,1823.85,12212745.0
2017-07-05,1827.26,1836.66,1836.63,1820.96,12241629.0
2017-07-06,1835.81,1844.2,1839.0,1823.37,15330412.0
2017-07-07,1833.88,1836.78,1835.44,1828.72,11288946.0
2017-07-10,1831.37,1831.37,1803.25,1803.23,12396344.0
2017-07-11,1799.52,1804.72,1783.91,1783.91,11591200.0
2017-07-12,1779.9,1788.69,1786.75,1764.1,11319638.0
2017-07-13,1784.26,1786.22,1778.86,1774.78,8973378.0
2017-07-14,1771.33,1771.33,1745.57,1742.22,14360271.0
2017-07-17,1730.7,1730.7,1656.43,1656.43,17070971.0
2017-07-18,1646.64,1672.72,1667.49,1641.38,11295020.0
2017-07-19,1663.16,1685.74,1684.77,1654.77,10866782.0
2017-07-20,1684.26,1712.7,1688.61,1683.11,11402876.0
2017-07-21,1688.79,1699.67,1690.15,1685.79,9865388.0
2017-07-24,1685.71,1689.38,1686.44,1674.72,10241218.0
2017-07-25,1686.57,1694.4,1688.09,1680.95,10744236.0
2017-07-26,1689.48,1692.62,1681.31,1674.22,11949021.0
2017-07-27,1678.87,1742.92,1742.19,1675.3,24887601.0
2017-07-28,1740.54,1746.54,1734.07,1732.89,20034596.0
2017-07-31,1731.92,1744.05,1736.3,1725.5,16674203.0
2017-08-01,1735.91,1742.01,1741.07,1727.59,16481557.0
2017-08-02,1740.39,1744.3,1724.83,1723.23,16194575.0
2017-08-03,1723.03,1757.76,1733.12,1716.53,19404989.0
2017-08-04,1731.03,1734.18,1719.62,1718.91,15802380.0
2017-08-07,1722.24,1743.62,1732.43,1720.99,13605534.0
2017-08-08,1731.73,1762.44,1762.42,1728.59,18506324.0
2017-08-09,1756.5,1770.75,1763.05,1751.83,17982809.0
2017-08-10,1761.43,1777.19,1753.67,1741.4,16754991.0
2017-08-11,1742.0,1763.91,1742.14,1738.14,16826884.0
2017-08-14,1745.01,1794.07,1793.48,1745.01,20727375.0
2017-08-15,1796.24,1803.19,1798.57,1785.62,17411507.0
2017-08-16,1797.05,1835.62,1825.19,1792.72,27035458.0
2017-08-17,1819.43,1845.25,1833.4,1816.14,23840192.0
2017-08-18,1822.07,1835.67,1821.8,1817.64,18234819.0
2017-08-21,1823.37,1834.66,1829.22,1818.86,16818456.0
2017-08-22,1829.4,1831.66,1814.92,1811.97,17076495.0
2017-08-23,1813.43,1818.65,1807.37,1801.15,15000369.0
2017-08-24,1807.85,1812.08,1795.74,1792.7,13422944.0
2017-08-25,1794.7,1814.54,1812.88,1794.7,13773721.0
2017-08-28,1815.84,1856.21,1842.83,1815.84,21303988.0
2017-08-29,1842.15,1850.82,1831.59,1828.54,15777429.0
2017-08-30,1830.7,1849.24,1838.63,1830.55,13770788.0
2017-08-31,1841.0,1850.81,1849.38,1839.81,13583437.0
2017-09-01,1850.02,1865.81,1865.25,1840.52,18585907.0
2017-09-04,1863.02,1888.98,1883.62,1858.39,22242990.0
2017-09-05,1881.67,1891.79,1885.16,1873.16,20123783.0
2017-09-06,1880.7,1902.86,1902.86,1877.27,22635680.0
2017-09-07,1904.54,1917.96,1890.38,1889.33,26541694.0
2017-09-08,1888.4,1895.86,1885.27,1872.91,18138968.0
2017-09-11,1883.65,1896.38,1896.38,1880.14,17269176.0
2017-09-12,1897.52,1904.3,1884.48,1882.57,22782702.0
2017-09-13,1884.54,1888.44,1888.43,1874.87,16804556.0
2017-09-14,1887.36,1892.99,1879.25,1874.22,16091422.0
2017-09-15,1877.17,1882.53,1875.63,1869.63,16132091.0
2017-09-18,1874.45,1894.81,1894.8,1873.97,15181688.0
2017-09-19,1896.62,1901.27,1880.3,1877.14,15716484.0
2017-09-20,1878.57,1892.67,1892.67,1876.68,14732082.0
2017-09-21,1892.95,1898.21,1872.77,1872.65,15438807.0
2017-09-22,1869.11,1871.24,1866.42,1854.94,13571189.0
2017-09-25,1864.86,1869.39,1843.62,1841.36,12699118.0
2017-09-26,1840.48,1848.14,1839.46,1826.92,10913990.0
2017-09-27,1840.17,1857.33,1854.94,1840.17,11555199.0
2017-09-28,1853.38,1864.25,1854.73,1852.46,13246847.0
2017-09-29,1858.06,1866.98,1866.98,1856.86,13144927.0
2017-10-09,1889.89,1894.91,1889.84,1880.39,16990834.0
2017-10-10,1890.66,1917.46,1917.46,1887.47,19610121.0
2017-10-11,1918.35,1924.0,1901.55,1899.96,18601974.0
2017-10-12,1900.87,1909.48,1899.99,1889.44,14006645.0
2017-10-13,1901.18,1927.02,1926.07,1898.34,16499395.0
2017-10-16,1920.94,1921.64,1882.69,1882.69,20207548.0
2017-10-17,1876.69,1888.62,1876.99,1868.92,12119523.0
2017-10-18,1878.29,1890.32,1868.16,1867.83,13032386.0
2017-10-19,1865.93,1876.67,1862.61,1855.36,12549253.0
2017-10-20,1858.62,1880.21,1880.21,1856.1,10542299.0
2017-10-23,1881.41,1900.38,1898.76,1878.34,11865659.0
2017-10-24,1895.44,1901.69,1901.69,1882.68,12563812.0
2017-10-25,1898.63,1913.26,1913.26,1893.94,11462834.0
2017-10-26,1911.85,1918.79,1910.72,1902.27,14308766.0
2017-10-27,1909.57,1910.93,1896.22,1895.26,11757574.0
2017-10-30,1894.86,1902.05,1855.99,1848.04,16969890.0
2017-10-31,1855.94,1869.79,1869.79,1855.23,11329218.0
2017-11-01,1867.99,1881.49,1872.75,1866.52,12230927.0
2017-11-02,1869.72,1869.72,1847.56,1847.41,12911244.0
2017-11-03,1843.8,1856.22,1832.97,1825.29,12665867.0
2017-11-06,1831.9,1850.3,1850.3,1818.41,11749013.0
2017-11-07,1849.32,1859.11,1859.07,1843.92,13502498.0
2017-11-08,1858.64,1881.05,1866.14,1856.39,17165896.0
2017-11-09,1864.25,1884.11,1884.11,1858.73,15463835.0
2017-11-10,1882.72,1905.06,1900.63,1882.28,16308566.0
2017-11-13,1904.58,1911.17,1906.44,1895.87,16195122.0
2017-11-14,1908.04,1912.49,1896.72,1888.86,16651160.0
2017-11-15,1892.65,1894.61,1868.08,1861.59,14126364.0
2017-11-16,1865.72,1883.02,1878.26,1859.77,13252341.0
2017-11-17,1879.43,1884.02,1833.9,1831.01,18731530.0
2017-11-20,1819.17,1859.75,1859.75,1795.69,14222204.0
2017-11-21,1856.73,1871.71,1856.96,1844.42,15270720.0
2017-11-22,1854.58,1867.79,1853.38,1837.3,16338811.0
2017-11-23,1848.22,1848.22,1794.78,1793.49,15392438.0
2017-11-24,1789.51,1804.21,1782.66,1782.6,12132671.0
2017-11-27,1781.22,1794.01,1760.9,1758.45,12184450.0
2017-11-28,1761.52,1794.14,1793.87,1761.52,11933506.0
2017-11-29,1793.28,1795.51,1787.38,1767.63,11952167.0
2017-11-30,1783.23,1792.14,1770.3,1765.3,10991392.0
2017-12-01,1772.04,1808.69,1804.62,1771.89,13857311.0
2017-12-04,1803.03,1812.4,1797.77,1795.13,12298025.0
2017-12-05,1794.7,1799.88,1758.59,1746.12,12989577.0
2017-12-06,1755.77,1784.82,1784.31,1744.49,13375248.0
2017-12-07,1780.97,1791.06,1776.99,1774.99,11345212.0
2017-12-08,1776.26,1803.36,1792.16,1776.26,11832505.0
